Name,Beauhurst URL,Accelerator manager,Sponsor(s),Fund,Next application deadline,Duration,Perks provided,Status,Summary,Eligibility,Phone number,Website,LinkedIn page,Country,Local authority (if UK),Region (if UK),Street address,Postcode (if UK),Number of attendances in this accelerator,Number of fundraisings associated with this accelerator,Date of the latest attendance
Techstars London Accelerator,https://platform.beauhurst.com/acceleratormanager/739aq9/accelerator/mr8jz2/,Techstars,"Cedars-Sinai, Cooley LLP, Microsoft, SendGrid, Amazon, BASF, Silicon Valley Bank, Google for Entrepreneurs",Techstars London Accelerator,,3 months.,"Access to Alumni Network, Access to Business Network, Access to Investor Network, Access to Network of Experts, Business Advice, Corporate Resources, Financial Investment, Legal Services, Mentoring, Stipend, Technical Expertise",Green,The programme aims to develop and scale startups.,,,https://www.techstars.com/accelerators/london,https://www.linkedin.com/company/167750,United Kingdom,Hackney,London,"41 Luke Street
Hackney
London
EC2A 4DP",EC2A 4DP,107,90,2025-03-28
Tech for Good,https://platform.beauhurst.com/acceleratormanager/e96yur/accelerator/hbx4qi/,Bethnal Green Ventures,"Nominet Trust, Nesta, Big Society Capital, Resolution Trust",Bethnal Green Ventures,,6 weeks.,"Access to Alumni Network, Access to Business Network, Access to Investor Network, Access to Network of Experts, Financial Investment, Financial Planning, Mentoring, Office Space, Product Development, Workshops",Green,The programme supports teams developing technology businesses that tackle social and environmental issues.,"Applicant companies must: Have the potential to reach £100m enterprise value within 8 - 10 years Develop innovative applications for technology. Intend to use their products and services for a positive social or environmental impact  Reduce inequality, focusing on those that are underserved and underrepresented.  Be incorporated in the UK but with global ambitions and have the right to work in the UK. Be at an early stage, usually with at least a prototype or MVP. Must be a company limited by shares.",02036 700550,https://bethnalgreenventures.com/apply/,,United Kingdom,City of London,London,"27-29 Cursitor Street
London
EC4A 1LT",EC4A 1LT,185,162,2026-04-21
Barclays Accelerator - London,https://platform.beauhurst.com/acceleratormanager/739aq9/accelerator/fv3mez/,Techstars,Barclays,Barclays Accelerator London,,13 weeks.,"Access to Alumni Network, Access to Investor Network, Corporate Resources, Financial Investment, Mentoring, Office Space, Technical Expertise",Green,The programme seeks to support the development of FinTech companies.,,,https://home.barclays/who-we-are/innovation/barclays-accelerator/locations/london/,,United Kingdom,Hackney,London,"41 Luke Street
Shoreditch
London",EC2A 4LB,42,37,2020-01-23
Pi Labs,https://platform.beauhurst.com/acceleratormanager/vj8yvv/accelerator/cyhqg8/,Pi Labs,,Pi Labs,,15 weeks.,"Access to Business Network, Access to Investor Network, Access to Network of Experts, Brand Development, Financial Investment, Investment Assistance, Legal Services, Marketing support, Mentoring, Office Space, Technical Expertise, Workshops",Green,The programme aims to support PropTech start-ups. ,Applicant companies must be developing PropTech.,,https://www.pilabs.co.uk/accelerator,https://www.linkedin.com/company/5340739,United Kingdom,Westminster,London,"151 Wardour Street
Soho
London",W1F 8WE,43,6,2024-03-13
Wayra London,https://platform.beauhurst.com/acceleratormanager/9yk4am/accelerator/pzh4sb/,Wayra UK,Telefonica,Wayra UK,,9 months,"Access to Business Network, Access to Customer Network, Access to Investor Network, Access to Network of Experts, Business Advice, Co-working Space, Financial Investment, Mentoring, Office Space, Workshops",Green,"The programme develops businesses from any sector with solutions relevant to Telefónica and O2, with a focus on ideas incorporating IoT, 5G, data democratisation or customer experience improvement.",Startups must have a minimum viable product.,,https://www.wayra.uk/programs/wayra-call,https://www.linkedin.com/company/17952355,United Kingdom,Westminster,London,"20 Air Street
London
W1B 5AN",W1B 5AN,89,8,2020-02-29
Entrepreneur First,https://platform.beauhurst.com/acceleratormanager/uc3zhf/accelerator/ay7wmx/,Entrepreneur First,"Vitruvian Partners, AWS Activate",Entrepreneurs First,,3 months.,"Access to Finance, Access to Investor Network, Co-founder Matching, Co-working Space, Financial Investment, Investment Assistance, Invitation to Exclusive Events, Mentoring, Product Development, Stipend",Green,The programme focusses on putting potential entrepreneurs together with the goal of them starting a venture. ,,,https://www.joinef.com/,https://www.linkedin.com/company/2340783,United Kingdom,Southwark,London,"Entrepreneur First
Block M, The Biscuit Factory
Clements Road
London",SE16 4DG,258,158,2024-01-17
Pre-Accelerate,https://platform.beauhurst.com/acceleratormanager/4vddpz/accelerator/y8nx2j/,Accelerate Cambridge,,Accelerate Cambridge,,3 months.,"Business Education, Co-working Space, Mentoring, Office Space",Green,"The programme is for very early-stage businesses, focusing on product and IP development.","Applications must be submitted by teams of two or more people. At least one founder must be a student, alumni, faculty or staff of the University of Cambridge, or be Cambridge resident.",01223 339 700,https://www.jbs.cam.ac.uk/entrepreneurship/programmes/accelerate-cambridge/programmes/,,United Kingdom,Cambridge,East of England,"Cambridge Judge Business School
University of Cambridge
Trumpington Street
Cambridge
CB2 1AG",CB2 1AG,4,,2022-09-22
Accelerate,https://platform.beauhurst.com/acceleratormanager/4vddpz/accelerator/jb92fs/,Accelerate Cambridge,,Accelerate Cambridge,,3 months.,"Business Education, Co-working Space, Mentoring, Office Space",Green,The programme focuses on helping businesses develop products and distribute them.,"Applications must be submitted by teams of two or more people. At least one founder must be a student, alumni, faculty or staff of the University of Cambridge, or be Cambridge resident.",01223 339 700,https://www.jbs.cam.ac.uk/entrepreneurship/programmes/accelerate-cambridge/programmes/,,United Kingdom,Cambridge,East of England,"Cambridge Judge Business School
University of Cambridge
Trumpington Street
Cambridge",CB2 1AG,149,,2024-09-24
Accelerate Plus,https://platform.beauhurst.com/acceleratormanager/4vddpz/accelerator/3kfh7g/,Accelerate Cambridge,,Accelerate Cambridge,,3 months.,"Business Education, Co-working Space, Mentoring, Office Space",Green,The programme focuses on helping businesses to take products to market and fundraising.,"Applications must be submitted by teams of two or more people. At least one founder must be a student, alumni, faculty or staff of the University of Cambridge, or be Cambridge resident.",01223 339 700,https://www.jbs.cam.ac.uk/entrepreneurship/programmes/accelerate-cambridge/programmes/,,United Kingdom,Cambridge,East of England,"Cambridge Judge Business School
University of Cambridge
Trumpington Street
Cambridge",CB2 1AG,17,,2024-09-09
The Young Academy,https://platform.beauhurst.com/acceleratormanager/r8yf42/accelerator/p3tyg7/,Young Foundation,"BofA Securities, UBS",The Young Academy,,3 (stage 1) or 6 months (stage 1 and 2),"Access to Customer Network, Access to Investor Network, Business Advice, Financial Investment, Invitation to Exclusive Events, Mentoring, Workshops",Green,The programme is interested in enterprises that are developing new approaches for education.,Applicants must be early-stage education companies which focus on employability. This work can be targeted at any age group from early year's education through to post-16.,020 8980 6263,http://www.theyoungacademy.org/accelerator/,https://www.linkedin.com/company/86844,United Kingdom,Tower Hamlets,London,"18 Victoria Park Square
London",E2 9PF,16,,2017-09-01
Hangar 51,https://platform.beauhurst.com/acceleratormanager/5q5dxk/accelerator/89uxkk/,L Marks,IAG,Hangar 51,,10 weeks.,"Access to Business Network, Access to Network of Experts, Corporate Resources, Financial Investment, Investment Assistance, Mentoring, Product Development, Technical Expertise",Green,The programme's interest is in developing technology businesses in the travel industry. ,Applicants should be early stage startups with at least a proof of concept that can be deployed and tested.,,https://hangar51.com/,https://www.linkedin.com/company/11681516,United Kingdom,Hillingdon,London,"International Airlines Group
Waterside (HAA2)
Harmondsworth",UB7 0GB,13,2,2019-09-30
Founders Factory Accelerator,https://platform.beauhurst.com/acceleratormanager/pvfm8s/accelerator/cpthst/,Founders Factory,,Founders Factory Accelerator,,6 months.,"Access to Business Network, Access to Investor Network, Access to Network of Experts, Access to Political Network, Brand Development, Corporate Resources, Financial Investment, Investment Assistance, Mentoring, Product Development, Technical Expertise",Green,The programme focuses on supporting founders with a product in market and early traction. ,,,https://foundersfactory.com/accelerator/,https://www.linkedin.com/company/10001508,United Kingdom,Kensington and Chelsea,London,"Northcliffe House 
Young St. 
London",W8 5EH,103,8,2025-03-27
Geovation PropTech Programme,https://platform.beauhurst.com/acceleratormanager/ztmhmj/accelerator/fqbnba/,Geovation,HM Land Registry,Geovation,,12 months.,"Business Advice, Business Education, Corporate Resources, Financial Investment, Invitation to Exclusive Events, Marketing support, Mentoring, Office Space, Product Development, Technical Expertise, Workshops",Green,The programme is focused on developing property technology businesses.,"Applicants must have an idea relevant to the property sector, that would benefit from Ordnance Survey or HM Land Registry data.",020 3286 3089,https://geovation.uk/accelerator/#what,,United Kingdom,Islington,London,"Sutton Yard
4th Floor
65 Goswell Road
London",EC1V 7EN,45,1,2025-10-23
Geovation GeoTech Programme,https://platform.beauhurst.com/acceleratormanager/ztmhmj/accelerator/rgjjwc/,Geovation,,Geovation,,12 months.,"Business Advice, Business Education, Corporate Resources, Financial Investment, Marketing support, Mentoring, Office Space, Product Development, Technical Expertise, Workshops",Green,The programme is focused on developing businesses operating within the geospatial industry.,Applicants must h ave an idea relevant to the geospatial industry.,020 3286 3089,https://geovation.uk/programme/#what,,United Kingdom,Islington,London,"Sutton Yard
4th Floor
65 Goswell Road
London",EC1V 7EN,47,,2024-10-25
Activate Startup Studio,https://platform.beauhurst.com/acceleratormanager/myxgv4/accelerator/6k6cwv/,Activate Capital,,Activate Capital,,6 weeks.,"Access to Investor Network, Access to Network of Experts, Business Advice, Financial Investment, Investment Assistance, Mentoring, Product Development",Green,The programme is primarily interested in businesses that are developing digital products. ,,,https://activate.co.uk/,https://www.linkedin.com/company/10489586,United Kingdom,Ealing,London,"42 The Grove
London
W5 5LH",W5 5LH,3,,2016-11-24
Venture Catalyst Challenge,https://platform.beauhurst.com/acceleratormanager/p5r53n/accelerator/3rgbff/,Venture Catalyst Challenge,"Grosvenor, Santander, Huawei",Imperial Create Venture Catalyst Challenge,,7 weeks.,"Access to Alumni Network, Access to Investor Network, Access to Network of Experts, Business Advice, Business Education, Financial Investment, Legal Services, Mentoring, Product Development, Workshops",Green,The programme is designed to develop deep science and technology businesses.,"Applicants must: Current students of Imperial College London, or alumni who graduated in the last three years.  Have raised no more than £100,000 in grants, investments or contracts Have carried out customer and market research. ",020 7594 1964,https://www.imperialenterpriselab.com/programmes/vcc/,https://www.linkedin.com/company/40691286,United Kingdom,Westminster,London,"Imperial College London
South Kensington Campus
London
SW7 2AZ",SW7 2AZ,65,,2025-08-14
DigitalHealth.London Accelerator,https://platform.beauhurst.com/acceleratormanager/ccc5tp/accelerator/w8ckig/,DigitalHealth.London,"Health Innovation Network, European Regional Development Fund, MedCity, CW+, UCL Partners, Imperial College Health Partners, NHS",,,1 year.,"Access to Business Network, Access to Finance, Access to Network of Experts, Invitation to Exclusive Events, Mentoring, Office Space, Technical Expertise, Workshops",Green,The programme aims to speed up the adoption of healthcare technology in London's NHS. ,"The eligibility criteria is: Companies must demonstrate compliance with the EU definition of SME Companies should be registered with Companies House, or their international equivalent.  Applicants should either have a London address, or be willing to spend a significant amount of time in the capital throughout the duration of the programme  Compliance with the European Commission's state aid regulations. ",,https://digitalhealth.london/accelerator/,https://www.linkedin.com/company/10780951,United Kingdom,Southwark,London,"Minerva House
5 Montague Close
London",SE1 9BB,127,,2023-07-03
Upscale,https://platform.beauhurst.com/acceleratormanager/c29mqt/accelerator/gvgv4s/,Tech Nation,"Cooper Parry, Silicon Valley Bank, Cooley LLP",,,6 months.,"Access to Alumni Network, Access to Business Network, Business Advice, Media Exposure, Mentoring, Technical Expertise, Workshops",Green,The programme is focussed on developing technology businesses. ,Applicant companies must be technology-based and growing at a rate of around 10% month-on-month.  At least one of the following must also be true: The company is VC-backed and has raised Series A funding. The company is generating revenues of £1.5m-£5m.,,http://upscaleuk.com/,,United Kingdom,City of London,London,"3 Finsbury Avenue
London",EC2M 2PA,259,,2024-09-23
European Space Agency Business Incubation Centre (ESA BIC UK),https://platform.beauhurst.com/acceleratormanager/nvz64k/accelerator/iz9duc/,Science & Technology Facilities Council (STFC),European Space Agency,European Space Agency Business Incubation Centre (ESA BIC UK),,,"Access to Alumni Network, Access to Network of Experts, Business Advice, Business Education, Financial Investment, Investment Assistance, Legal Services, Technical Expertise",Green,"The programme is focussed on the development of space-related businesses. The programme operates in the following locations: Harwell, Daresbury, Higgs Innovation Centre - Edinburgh, Space Park Leicester. ","Applicants must be developing technology for use in space, or products that utilise space technology.",01235 446075,https://www.dtc.stfc.ac.uk/programmes/space-esa-bic-uk/,,United Kingdom,Vale of White Horse,South East,"Science and Technology Facilities Council
Atlas Building
Harwell Campus
Didcot
Oxfordshire",OX11 0QX,169,,2026-01-01
NEF+,https://platform.beauhurst.com/acceleratormanager/m7w34h/accelerator/m6qt26/,The Centre for Entrepreneurs,Founders Forum,,,,"Access to Alumni Network, Access to Business Network, Access to Investor Network, Business Advice, Educational Support, Mentoring, Workshops",Green,The programme is focussed on developing entrepreneurial leadership skills for early-stage founders and employees inside scale-up companies. ,,,https://centreforentrepreneurs.org/nef/,https://www.linkedin.com/company/1884428,United Kingdom,Islington,London,"Kemp House
152-160 City Road
London,
EC1V 2NX",EC1V 2NX,99,,2022-12-26
Shott Scale Up Accelerator,https://platform.beauhurst.com/acceleratormanager/hgy37j/accelerator/e9bpm4/,Royal Academy of Engineering,"Royal Academy of Engineering Enterprise Hub, Department for Science, Innovation and Technology",Business Angel(s),,6 months.,"Access to Alumni Network, Access to Network of Experts, Business Advice, Co-working Space, Educational Support, Financial Investment, Marketing support, Mentoring, Workshops",Green,"The programme is designed to support the founders of engineering businesses. The programme includes a £10k grant to go towards attending training courses. The programme, along with the Royal Academy of Engineering's Enterprise Fellowships programme, is part of the RAEng Enterprise Hub. The programme rebranded from SME Leaders Programme to Shott Scale Up Accelerator in 2021.","Applicants must: Have raised at least £1m through equity, turnover or both. Be based in the UK and registered with Companies House; for multinationals, the head office must be based in the UK. Be an SME that is not majority-owned by another company.",(+44) 020 7766 0600,https://enterprisehub.raeng.org.uk/programmes/shott-scale-up-accelerator,https://www.linkedin.com/company/5227490,United Kingdom,Westminster,London,"3 Carlton House Terrace
St. James's
London",SW1Y 5DG,127,,2024-04-18
Alacrity UK,https://platform.beauhurst.com/acceleratormanager/g64xbe/accelerator/ufm8s7/,Alacrity Foundation,"Waterloo Foundation, Welsh Government, Wesley Clover, HM Government",,,15 months.,"Access to Finance, Access to Network of Experts, Business Education, Investment Assistance, Mentoring, Stipend, Workshops",Green,The programme is focussed on educating entrepreneurs to help them become successful technology business founders based in Wales. ,Applicants must be graduates. ,01633 259517,https://www.alacrityfoundation.co.uk/,https://www.linkedin.com/company/8692150,United Kingdom,Newport,Wales,"Alacrity House
Kingsway
Newport",NP20 1HG,6,1,
Catalyst Programme,https://platform.beauhurst.com/acceleratormanager/295pzt/accelerator/dpreuk/,Catalyst Centre,University of Southampton Science Park,,,6 months.,"Access to Business Network, Corporate Resources, Financial Investment, Investment Assistance, Mentoring, Office Space, Workshops",Green,The programme is hosted at the Southhampton University Science Park and is focused on developing technology businesses.,,02380 767 420,https://www.science-park.co.uk/grow/start-up/catalyst,,United Kingdom,Test Valley,South East,"The University of Southampton
Science Park Limited
2 Venture Road
Chilworth
Southampton
Hampshire
SO16 7NP",SO16 7NP,65,,2025-04-11
Fintech Innovation Lab London,https://platform.beauhurst.com/acceleratormanager/wjipgs/accelerator/ydtcz3/,Accenture,Accenture,,,3 months.,"Access to Alumni Network, Access to Business Network, Access to Customer Network, Access to Network of Experts, Business Advice, Invitation to Exclusive Events, Mentoring, Workshops",Green,"The programme offers mentoring, workshops and networking opportunities to start-up FinTech companies.",,,http://fintechinnovationlab.com/london/,https://www.linkedin.com/company/10119990,United Kingdom,City of London,London,"Accenture
London",EC3M 3BD,116,,2024-02-21
CRL Accelerator,https://platform.beauhurst.com/acceleratormanager/5v4tbv/accelerator/jcwiix/,Central Research Laboratory Accelerator,"European Regional Development Fund, Plus X, HEFCE, U+I",Central Research Laboratory,,6 months.,"Access to Business Network, Access to Customer Network, Access to Investor Network, Co-working Space, Financial Investment, Investment Assistance, Marketing support, Mentoring, Office Space, Product Development, Workshops",Green,"The programme helps entrepreneurs develop physical products and take them to market, this includes a grant of £5k to be spent of testing and product development. The programmes reserves the right to take a 3% equity stake in companies entering the programme.","Applicants must: Be a registered company in the UK Have a genuinely innovative product or business model Be ambitious and aspire to build a scalable, product-based business Have technical knowledge relevant to hardware development Have a working prototype. ",,https://centralresearchlaboratory.com/crl-accelerator/,https://www.linkedin.com/company/10258248,United Kingdom,Hillingdon,London,"The Shipping Building
252-254 Blyth Road
Hayes
London",UB3 1HA,44,,2024-10-25
Panacea Stars,https://platform.beauhurst.com/acceleratormanager/tgnb6u/accelerator/pwwsey/,Panacea Innovation,,Panacea Innovation,,,"Access to Business Network, Access to Finance, Access to Investor Network, Access to Network of Experts, Co-working Space, Financial Investment, Mentoring, Office Space, Workshops",Green,The programme focuses on the development of new products and services developed with a strong scientific grounding. ,,08007 562911,http://panacea-stars.com/get-involved/,https://www.linkedin.com/company/5354899,United Kingdom,Oxford,South East,"Panacea Innovation
The Magdalen Centre
Oxford Science Park
1 Robert Robinson Avenue
Oxford",OX4 4GA,82,,2025-04-14
Accelerator Academy,https://platform.beauhurst.com/acceleratormanager/k4i6xn/accelerator/audrz5/,The Accelerator Network,"Marriott Harrison, Beavis Morgan",,,7 weeks.,"Access to Alumni Network, Access to Business Network, Access to Finance, Access to Investor Network, Access to Network of Experts, Business Advice, Business Education, Investment Assistance, Invitation to Exclusive Events, Mentoring, Workshops",Green,"The programme focusses on helping the development early-stage tech startups by providing mentoring on a variety of topics such as marketing, sales and product development.",,,http://acceleratoracademy.com/,https://www.linkedin.com/company/2372936,United Kingdom,Southwark,London,"123A Borough High Street
London
SE1 1NP",SE1 1NP,212,,2019-01-21
The Founder Institute UK,https://platform.beauhurst.com/acceleratormanager/qsg2tg/accelerator/v25wfa/,The Founder Institute,,,,3.5 months,"Access to Business Network, Brand Development, Business Advice, Business Education, Financial Planning, Marketing support, Mentoring, Product Development",Green,The programme is focussed on helping entrepreneurs launch tech enabled businesses.,"Applicants can be solo-founders, teams or companies at pre-seed stage.",,https://fi.co/,https://www.linkedin.com/company/1154695,United Kingdom,Westminster,London,,,2,,2021-07-01
Abbey Road Red,https://platform.beauhurst.com/acceleratormanager/5za9ph/accelerator/gvmxyp/,Abbey Road Red,Abbey Road Studios,,,,"Access to Business Network, Access to Network of Experts, Business Advice, Co-working Space, Media Exposure, Mentoring, Product Development, Technical Expertise",Green,The programme is for businesses that are developing technology for the music industry.,,02072 667000,https://www.abbeyroad.com/the-incubator,https://www.linkedin.com/company/643201,United Kingdom,Westminster,London,"3 Abbey Road
London
NW8 9AY",NW8 9AY,7,,2022-11-10
Elevator Aberdeen,https://platform.beauhurst.com/acceleratormanager/9pjjpk/accelerator/w8ir8t/,Elevator Flagship Programme,"Maclay Murray & Spens LLP, Big Data Partnership, Saudi Aramco, The Prince's Trust, KPMG, Burness Paull, Business Gateway, European Regional Development Fund",,,12 weeks.,"Access to Business Network, Business Education, Financial Planning, Invitation to Exclusive Events, Mentoring, Workshops",Green,The programme is focussed on developing early-stage businesses in the Aberdeen area.,,,https://www.elevatoruk.com/programmes/flagship-accelerator/,https://www.linkedin.com/company/1213339,United Kingdom,Aberdeen City,Aberdeen,"Exploration Drive
Aberdeen Energy Park
Bridge of Don",AB23 8GX,37,,2022-04-07
Elevator Dundee,https://platform.beauhurst.com/acceleratormanager/9pjjpk/accelerator/nbrhdu/,Elevator Flagship Programme,"Saudi Aramco, European Regional Development Fund, Business Gateway, Maclay Murray & Spens LLP, The Prince's Trust, Big Data Partnership, Burness Paull, KPMG",,,12 weeks.,"Access to Business Network, Business Advice, Business Education, Invitation to Exclusive Events, Workshops",Green,The programme is focussed on developing businesses in the Dundee area.,,01382 386568,https://www.elevatoruk.com/programmes/flagship-accelerator/,https://www.linkedin.com/company/1213339,United Kingdom,Aberdeen City,Aberdeen,"Elevator at The Hub
Exploration Drive
Aberdeen Energy Park
Bridge of Don",AB23 8GX,13,,2018-09-19
London Business School Incubator,https://platform.beauhurst.com/acceleratormanager/yrk2hi/accelerator/fxsqsj/,London Business School Incubator,"Shoosmiths, SixBerries, Foreground, ihorizon, Sussex Place Ventures, Xero, Santander, Stripe, Microsoft BizSpark, Cleveland Scott York, Updrive, Indigo Green, Bluebox Corporate Finance, Dropbox, Spacemize",,,12 months.,"Access to Alumni Network, Access to Business Network, Access to Investor Network, Access to Network of Experts, Business Advice, Business Education, Co-working Space, Legal Services, Mentoring, Technical Expertise",Green,The programme is designed for businesses that are (co)led by graduating students of London Business School.,"Applicants must: Be (co)led by an LBS student in their graduating year or a recent graduate Have a 12 month business plan, and they must have made progress towards its execution during the two months after initial application Demonstrate that they will benefit from the programme and be able to provide benefits to LBS Demonstrate that the business has the funds, or a prospect to secure the funds, needed to execute their 12 month plan Demonstrate a need to be in the UK and be based in London Show that the founder has a background/strong interest in the sector the business intends to operate in.",020 7000 7000,https://www.london.edu/faculty-and-research/research-centres/iie/support-for-entrepreneurs/support-for-students/incubator-programme,,United Kingdom,Westminster,London,"London Business School
Regent's Park
London",NW1 4SA,82,,2025-10-01
DigitalCity Accelerator,https://platform.beauhurst.com/acceleratormanager/i7i89f/accelerator/ufgjx4/,DigitalCity,"Redcar-Cleveland Borough Council, Tees Valley Business Compass, Darlington Borough Council, TVCA, Stockton-on-Tees Borough Council, Hartlepool Borough Council, Middlesbrough Council",,,,"Access to Network of Experts, Brand Development, Business Advice, Business Education, Financial Investment, Legal Services, Mentoring, Technical Expertise, Workshops",Green,The programme is focused on developing early-stage digital businesses in the Tees Valley area.,Applicant companies must be:  A Tees Valley based digital or tech business Registered with Companies House Trading for fewer than 18 months Looking to grow the business. ,01642 384334,https://thedigitalcity.com/services/accelerator-programme/,https://www.linkedin.com/company/37196706,United Kingdom,Middlesbrough,North East,"Teeside University
Middlesbrough",TS1 3BA,26,,2020-10-31
Deep Science Ventures,https://platform.beauhurst.com/acceleratormanager/fz3m57/accelerator/wjtzyi/,Deep Science Ventures,,,,6 months.,"Business Advice, Business Education, Co-founder Matching, Financial Investment, Stipend, Technical Expertise",Green,The programme's focus is on developing science and engineering businesses. It focuses on the following areas: Energy Agriculture (including the Food & Agriculture Science Transformer (FAST) programme in partnership with the University of Edinburgh) Pharma Computation ,,,http://deepscienceventures.com/,https://www.linkedin.com/company/10883788,United Kingdom,City of London,London,"Deep Science Ventures
3rd Floor
51 Eastcheap
London
EC3M 1JP",EC3M 1JP,29,1,2021-08-13
Aston Programme for Small Business Growth,https://platform.beauhurst.com/acceleratormanager/e7ran7/accelerator/e5s5v5/,Aston Business School Centre for Growth,"European Regional Development Fund, Aston Business School",,,6 months.,"Access to Business Network, Access to Network of Experts, Business Education, Financial Planning, Marketing support, Mentoring, Workshops",Green,The programme is designed to help small businesses create jobs in the Midlands.,Applicants must be the founder or CEO of an early-stage company. The company must: Have been trading for at least 12 months and have one full time employee (this can be the applicant). Be an SME and have received no more than €200k in state aid in the last 36 months. Have an operations address in the Greater Birmingham and Solihull or Coventry and Warwickshire LEP. Send participants to attend all the workshops provided. ,0121 204 3000,https://www.aston.ac.uk/research/bss/abs/centres-hubs/aston-centre-for-growth/aston-programme-small-business-growth,,United Kingdom,Birmingham,West Midlands,"Aston University
Birmingham
B4 7ET",B4 7ET,2,,
IMAGINE IF!,https://platform.beauhurst.com/acceleratormanager/utsq5u/accelerator/r8disn/,Innovation Forum,"Johnson & Johnson, Taylor Wessing, Marks & Clerk, Keltie",,,6 months.,"Access to Alumni Network, Access to Business Network, Access to Investor Network, Co-working Space, Financial Investment, Investment Assistance, Invitation to Exclusive Events, Mentoring, Office Space",Green,The programme is focused on developing science and technology ventures that have applications in the healthcare sector.,"Applicant start-ups should meet the following conditions: Should have a team consisting of between two and seven people. Must have raised a combined total of under $300k (or equivalent local currency) in the last 18 months to fund their venture. Should have a business based on a genuine, novel scientific idea which has a significant impact on improving human or animal well-being.",,http://inno-forum.org/accelerator/,https://www.linkedin.com/company/5234310,United Kingdom,Westminster,London,"Suite 1,
3rd Floor,
11-12 St James’s Square
London
United Kingdom",SW1Y 4L,33,,2021-01-31
Unreasonable Impact UK & Europe,https://platform.beauhurst.com/acceleratormanager/4s2zyn/accelerator/iwia3m/,Unreasonable Impact,"Barclays, Unreasonable Group",,,2 weeks,"Access to Alumni Network, Access to Business Network, Corporate Resources, Mentoring, Workshops",Green,The programme is focussed on supporting entrepreneurs to create jobs in socially beneficial ventures.,Applicant companies must:   Be focused on solving societal and environmental problems Have the potential to create at least five-hundred jobs over five years Have the potential to scale. ,,https://unreasonableimpact.com/uk/,,United Kingdom,Tower Hamlets,London,"1 Churchill Pl
Canary Wharf
London",E14 5HP,47,,2022-02-25
We are Pioneer Group Business Accelerator,https://platform.beauhurst.com/acceleratormanager/sje4ri/accelerator/pzrcxx/,We are Pioneer Group,"Scottish Enterprise, North Lanarkshire Council, Opportunity North East, Glasgow City Region, East Midlands Academic Health Science Network",,,8 Weeks.,"Access to Business Network, Access to Finance, Access to Investor Network, Access to Network of Experts, Business Education, Financial Investment, Mentoring, Office Space, Workshops",Green,The programme is designed to support life science entrepreneurs. ,,,https://wearepioneergroup.com/accelerator-programme/,https://www.linkedin.com/company/72392706,United Kingdom,Westminster,London,"St Christopher’s House
27 St Christopher’s Place
London
W1U 1NZ",W1U 1NZ,21,2,2025-04-29
Enterprise Fellowships,https://platform.beauhurst.com/acceleratormanager/hgy37j/accelerator/duiiq3/,Royal Academy of Engineering,"Department for Science, Innovation and Technology",Enterprise Hub,,12 months.,"Business Advice, Business Education, Co-working Space, Financial Investment, Financial Planning, Marketing support, Mentoring, Office Space, Technical Expertise",Green,"Enterprise Fellowships is a twelve-month accelerator programme designed to support talented researchers and graduates to transform breakthrough engineering innovations into disruptive spinouts and graduate startups. Support includes a living grant of up to £75,000, 75 hours of hybrid training over the first six months, and 1:1 personalised business coaching and mentoring throughout the year. As part of the Royal Academy of Engineering’s Enterprise Hub, additional offerings are subsidised membership of Culture+, our diversity and inclusion platform for startups, and lifetime access to co-working spaces in London and Belfast and exclusive networking and events.",Applicants must be one of the following: Researchers or PhD students wishing to spin out from a university or research institute Recent graduates seeking to create a company.,020 7766 0600,https://enterprisehub.raeng.org.uk/programmes/enterprise-fellowships/,,United Kingdom,Westminster,London,"Prince Philip House
3 Carlton House Terrace
London",SW1Y 5DG,159,,2025-01-29
Fuse,https://platform.beauhurst.com/acceleratormanager/xz6dmf/accelerator/7wjb4a/,Allen & Overy,,,,,"Access to Business Network, Access to Customer Network, Co-working Space",Green,"The programme seeks to develop new digital technology companies, specifically those working within LawTech, RegTech and DealTech.",,020 3088 1831,http://www.allenovery.com/advanceddelivery/fuse/Pages/default.aspx,,United Kingdom,Tower Hamlets,London,"Allen & Overy
One Bishops Square
London",E1 6AD,37,,2023-05-15
Catalyst Co-Founders,https://platform.beauhurst.com/acceleratormanager/reb4cw/accelerator/y8wv6k/,Catalyst Inc – Connect (Springboard),,,,12 weeks.,"Access to Business Network, Access to Finance, Mentoring, Workshops",Green,"The programme supports first-time entrepreneurs and early stage start-ups. It is split into three sections, Hothouse which is a weekend where attendees can find co-founders, Design Bootcamp and the Core Programme which is a series of immersive workshops and mini-lectures over several months. ",,02890 737800,https://wearecatalyst.org/programmes/co-founders/,https://www.linkedin.com/company/1065994,United Kingdom,Belfast,Northern Ireland,"Catalyst Inc
The Innovation Centre
Queen’s Road
Belfast
BT3 9DT",BT3 9DT,14,,2024-03-04
Technology Developer Accelerator Programme (TDAP),https://platform.beauhurst.com/acceleratormanager/t6pf9j/accelerator/4vuk9u/,Advanced Propulsion Centre,,,,17 months.,"Access to Business Network, Access to Investor Network, Brand Development, Business Advice, Financial Investment, Mentoring, Product Development, Technical Expertise",Green,"The programme supports companies that seek to commercialise low carbon technology, especially those relevant to the automotive industry. ","Applicant companies must be: Micro, small or medium-sized companies Based in the UK Developing low carbon technology, products or services which are relevant to the automotive industry.",02476 528700,https://www.apcuk.co.uk/technology-developer-accelerator-programme/,,United Kingdom,Coventry,West Midlands,"The Advanced Propulsion Centre
University Road
Coventry
CV4 7AL",CV4 7AL,95,,2024-09-17
W2 Lab,https://platform.beauhurst.com/acceleratormanager/5q5dxk/accelerator/bsfzbf/,L Marks,Wincanton Group,,,10 weeks.,"Access to Finance, Access to Network of Experts, Mentoring, Product Development",Green,This programme is focussed on businesses developing innovative supply-chain solutions.,,,http://w2labs.com/,,United Kingdom,Wiltshire,South West,"Wincanton
Methuen Park
Chippenham 
Wiltshire",SN14 0WT,5,,2021-01-11
PwC Scale Programmes,https://platform.beauhurst.com/acceleratormanager/6qah2i/accelerator/nccp6c/,PwC Scale Programmes,"The Landing, Engine Shed, Futurelabs, Digital Catapult, DigitalHealth.London Accelerator, Early Metrics, AngelsCube, Codebase, PwC",,,10 weeks,"Access to Business Network, Access to Customer Network, Access to Investor Network, Access to Network of Experts, Business Advice, Corporate Resources, Marketing support, Workshops",Green,The programme is focused on scaling businesses from a broad range of regions and sectors.,,,https://www.pwc.co.uk/ux23/pwc-scale.html,,United Kingdom,Southwark,London,"7 More London Riverside
London",SE1 2RT,210,,2023-08-29
STFC CERN Business Incubation Centre (STFC CERN BIC),https://platform.beauhurst.com/acceleratormanager/nvz64k/accelerator/fqzbp3/,Science & Technology Facilities Council (STFC),CERN,STFC CERN Business Incubation Centre,,1 - 2 years.,"Access to Finance, Access to Investor Network, Access to Network of Experts, Business Advice, Investment Assistance, Legal Services, Marketing support, Technical Expertise",Green,The programme is focussed on the development of companies utilising high-energy technology.,Applicants must be seeking to develop and commercialise high-energy technology.,,https://www.cernbic.stfc.ac.uk/Pages/Incubation-programme.aspx,,United Kingdom,Vale of White Horse,South East,"Science and Technology Facilities Council
Atlas Building
Harwell Campus
Didcot
Oxfordshire",OX11 0QX,9,,2018-06-01
Intelligent Mobility,https://platform.beauhurst.com/acceleratormanager/xa3z6j/accelerator/iinkqh/,Connected Places Catapult,"Wayra UK, Transport Systems Catapult",Wayra UK,,6 months.,"Access to Business Network, Access to Customer Network, Access to Investor Network, Access to Network of Experts, Access to Political Network, Mentoring, Office Space, Technical Expertise",Green,The programme is for companies which develop data-driven solutions for global transport problems. ,"Applicants must have a digital product or service to sell,  have at least one active pilot or client, and  be developing technology to tackle one of the following challenges in the UK transport industry : Decarbonising Mobility Improving Experience Connected Mobility",,https://cp.catapult.org.uk/news/intelligent-mobility-accelerator-6th-cohort-open-call-is-open/,,United Kingdom,Westminster,London,"20 Air Street
London",W1B 5DL,47,,2022-05-03
Launchpad,https://platform.beauhurst.com/acceleratormanager/3cq2ch/accelerator/q66zux/,Falmouth University,"Falmouth University, Research England (UKRI), South West Business Council, HM Government",European Regional Development Fund,,1 year.,"Access to Finance, Business Advice, Business Education, Co-founder Matching, Invitation to Exclusive Events, Mentoring, Office Space, Product Development, Workshops",Green,Launchpad is a programme developed by Falmouth University to create new digital businesses.,"Applicants must: Have the right to reside and work in the UK Hold a degree in a relevant subject, or equivalent experience in their field Remain headquartered in Cornwall and the Isles of Scilly for five years after incorporation",01326 213789,https://www.falmouth.ac.uk/launchpad,https://www.linkedin.com/company/28650779,United Kingdom,Cornwall,South West,"Launchpad
Falmouth University
Penryn Campus
Treliever Road
Penryn
Cornwall
TR10 9FE",TR10 9FE,61,,2023-09-30
"10,000 Small Businesses (GS 10KSB)",https://platform.beauhurst.com/acceleratormanager/vn9vck/accelerator/h47ujw/,Goldman Sachs,,,,4 months.,"Access to Business Network, Access to Network of Experts, Business Advice, Business Education, Educational Support, Mentoring, Workshops",Green,The programme aims to provide business education and support to small businesses.,Applicants must:  Be the primary owner or main decision maker of the company and must not have had any recent management education. The company must have been operating for at least 3 years Have between 5 and 50 employees Turnover of at least £250k in the previous financial year.,,http://www.goldmansachs.com/citizenship/10000-small-businesses/UK/,,United Kingdom,Oxford,South East,"Said Business School
Park End Street
Oxford",OX1 1HP,26,,2023-02-06
Lloyd's Lab,https://platform.beauhurst.com/acceleratormanager/5q5dxk/accelerator/auk6bb/,L Marks,Lloyd's,Lloyd's,,10 weeks.,"Access to Business Network, Access to Customer Network, Access to Finance, Access to Network of Experts, Co-working Space, Financial Investment, Mentoring, Product Development",Green,The programme focuses on companies who are developing products that could complement Lloyds' insurance business model.,Applicants must either operate in the InsurTech space or develop products and services that could have applications in the insurance industry. ,,https://www.lloydslab.com/,,United Kingdom,City of London,London,"1 Lime Street
London
EC3M 7HA",EC3M 7HA,34,,2022-09-26
Seraphim Space Camp,https://platform.beauhurst.com/acceleratormanager/778jmp/accelerator/55pf3c/,Seraphim Capital,"Dentons, Telespazio Vega UK, Alliotts, hispasat, UK Space Agency, SES Satellites, National Security Strategic Investment Fund, Qi3, Satellite Applications Catapult, Surrey Satellite Technology, Dstl, Airbus, SPRINT, Cyient",Seraphim Capital,,12 weeks.,"Access to Alumni Network, Access to Business Network, Access to Investor Network, Access to Network of Experts, Business Advice, Business Education, Financial Investment, Investment Assistance, Mentoring, Product Development, Technical Expertise, Workshops",Green,The programme is focused on the development of companies operating in the SpaceTech sector.,Applicants should have a launched or nearly launched product and the ability to scale significantly.,02036 742805,https://seraphim.vc/accelerator/,https://www.linkedin.com/company/11809755,United Kingdom,Hackney,London,"50 Worship Street
London
England
EC2A 2EA",EC2A 2EA,39,,2023-10-17
The Alpha Accelerator,https://platform.beauhurst.com/acceleratormanager/qvx9mi/accelerator/7z3sca/,Huckletree,"ysys, CMS Legal, Silicon Valley Bank, Conduit Connect",,,12 weeks.,"Access to Customer Network, Access to Investor Network, Business Education, Invitation to Exclusive Events, Workshops",Green,"The programme is for early stage, pre-seed founders. It is run annually and has different themes every cohort; the theme for 2022 is Urban Futures. ","Applicant companies should have: At least underrepresented founder as part of founding team A beta/MVP version of their product, preferably an early version on the market Evidence of early traction/customer uptake  Either bootstrapped or just raised a friends and family round, with the intention of raising a seed round of at least £350k within 6-12 months of the programme. ",02038 621400,https://www.huckletree.com/education/alpha,https://www.linkedin.com/company/2932712,United Kingdom,Hammersmith and Fulham,London,"Huckletree West
London",W12 7FP,11,,2022-03-30
Govstart,https://platform.beauhurst.com/acceleratormanager/td2vrf/accelerator/jnegkp/,PUBLIC,,,,6 months.,"Access to Customer Network, Business Advice, Co-working Space, Educational Support, Invitation to Exclusive Events, Mentoring, Product Development",Green,The programme is designed to support tech companies that have strong public sector applications. ,,,https://www.public.io/programmes/govstart/,https://www.linkedin.com/company/11078705,United Kingdom,Westminster,London,"One Horseguards Avenue, 
Westminster
London
SW1A 2HU",SW1A 2HU,33,,2018-07-09
LORCA,https://platform.beauhurst.com/acceleratormanager/eyfvwa/accelerator/6kynmh/,Plexal,"SOSA, Global Cyber Alliance, Splunk, Deloitte, Lloyds Banking Group, CSIT Labs, Kx, Dell","Department for Digital, Culture, Media and Sport",,12 months.,"Access to Customer Network, Access to Investor Network, Access to Network of Experts, Business Education, Co-working Space, Educational Support, Invitation to Exclusive Events, Legal Services, Mentoring, Office Space, Technical Expertise, Workshops",Green,The programme is designed to support the development of innovative cybersecurity companies.,Applicants must: Be a fast growth company with technology that matches the programme's innovation themes Have generated revenue and/or raised capital Have a business relevant to cybersecurity Be a UK registered company. ,0203 909 7763,https://www.lorca.co.uk/,https://www.linkedin.com/company/18945128,United Kingdom,Hackney,London,"Plexal
14 East bay Lane
The Press Centre
Here East
Queen Elizabeth Olympic Park
Stratford
London",E15 2GW,53,,2021-07-07
King's Start-Up Accelerator,https://platform.beauhurst.com/acceleratormanager/5ke2ym/accelerator/bh922w/,King's College London,,King's20,,12 months.,"Access to Alumni Network, Access to Finance, Access to Interns, Access to Investor Network, Access to Network of Experts, Accounting Services, Business Education, Co-working Space, Corporate Resources, Financial Investment, Mentoring, Office Space, Workshops",Green,"The programme is designed to support ventures led by students, staff or alumni of King's College London.","Applicants must be a student, a staff member of an alumni of King's College London. When applying as a group, at least one founder or member of the leadership team must have one of the listed affiliations with the university.",02078 365454,https://www.kcl.ac.uk/entrepreneurship/scale-your-venture/start-ups,,United Kingdom,Westminster,London,"King's College London
Strand
London
WC2R 2LS",WC2R 2LS,167,,2025-06-11
TechItalia:Lab,https://platform.beauhurst.com/acceleratormanager/ns95c6/accelerator/hn6h5f/,TechItalia:Lab,,,,4 weeks.,"Access to Business Network, Access to Investor Network, Access to Network of Experts, Co-working Space, Invitation to Exclusive Events, Living Space, Mentoring, Workshops",Green,"The programme aims to support London-based early stage startups, with at least one Italian-speaking founder.",Applicants must: Have at least one Italian-speaking founder. Be based in London. Be an early stage startup with a Minimum Viable Product looking to raise equity investment.,,http://www.techitalialab.com/,https://www.linkedin.com/company/18321447,United Kingdom,Westminster,London,"4th Floor
Holden House
57 Rathbone Place
London",W1T 1JU,5,,2019-03-20
NHS Innovation Accelerator (NIA),https://platform.beauhurst.com/acceleratormanager/m9qccm/accelerator/qr72r4/,NHS England,The AHSN Network,,,,"Access to Business Network, Access to Finance, Access to Network of Experts, Mentoring, Product Development, Stipend, Workshops",Green,The programme is designed to assist with the development and implementation of innovative medical ideas across the NHS and wider healthcare service. ,,020 7679 6633,https://nhsaccelerator.com/,https://www.linkedin.com/company/18175523,United Kingdom,Camden,London,"3rd Floor
170 Tottenham Court Road
London
W1T 7HA",W1T 7HA,75,,2025-03-19
Tech Nation Fintech,https://platform.beauhurst.com/acceleratormanager/c29mqt/accelerator/iz8jim/,Tech Nation,Wilson Sonsini Goodrich & Rosati,,,6 months.,"Access to Business Network, Access to Investor Network, Access to Network of Experts, Access to Political Network, Business Education, Invitation to Exclusive Events, Mentoring, Technical Expertise",Green,The programme is designed to assist the development of early-stage fintech & insurtech companies.,"Companies must meet the following eligibility criteria: Be headquartered in the UK Be fintech and insurtech focused Be seed stage to series A funding stage Offer a product or service to businesses and/or individuals If self-funded, have a minimum annual revenue of £100k and a maximum of £1.5m Have traded for longer than a year  Consultancies are excluded.",,https://technation.io/programmes/fintech/,,United Kingdom,City of London,London,"3 Finsbury Avenue
London
EC2M 2PA",EC2M 2PA,150,,2022-09-08
Accelerate@Babraham,https://platform.beauhurst.com/acceleratormanager/ar45yk/accelerator/fxyx62/,Babraham Research Campus,"Kidney Research UK, LifeArc, AstraZeneca, Eisai Manufacturing, Mundipharma",Accelerate@Babraham,,5 months.,"Access to Business Network, Access to Investor Network, Access to Network of Experts, Financial Investment, Mentoring, Office Space, Workshops",Green,The programme seeks to develop life sciences and early stage biomedical companies.,Applicants must: Be an early stage business that has raised under £1m in investment Have a minimum of two members Be available to relocate to Cambridge for the programme.,,http://www.accelerateatbabraham.com/,,United Kingdom,South Cambridgeshire,East of England,"Babraham Bioscience Technologies Ltd
Babraham Research Campus
Cambridge
CB22 3AT",CB22 3AT,32,,2025-06-12
The Accelerate Programme,https://platform.beauhurst.com/acceleratormanager/v6zj46/accelerator/rjzr9n/,The Bakery,,,,,"Access to Business Network, Access to Customer Network, Access to Network of Experts, Business Advice, Corporate Resources, Financial Investment, Mentoring, Product Development",Green,The programme offers to partner startups with corporates and provides product feedback and potential investment.,,02072 920851,https://thebakery.com/start-ups-and-entrepreneurs/,https://www.linkedin.com/company/2988912,United Kingdom,Hackney,London,"The Bakery Worldwide
Unit 6, Dalston Square 
London",E8 3GT,,,
Entrepreneur Accelerator,https://platform.beauhurst.com/acceleratormanager/geecyh/accelerator/twkge8/,NatWest,,,,6 months.,"Access to Business Network, Business Education, Invitation to Exclusive Events, Legal Services, Mentoring, Office Space, Technical Expertise",Green,"The programme supports startup and scale-up businesses in the UK. The programme is run from multiple hubs across the UK. This accelerator is the successor to a previous accelerator managed by NatWest, 'Entrepreneurial Spark' and RBS' Enterprise Programme. The programme is managed by NatWest and RBS in England, Wales and Scotland and Ulster Bank in Northern Ireland.",,,https://www.business.natwest.com/business/business-services/entrepreneur-accelerator.html,,United Kingdom,City of Edinburgh,East of Scotland,"3rd Floor Gemini Building
4-25 St Andrews Square
Edinburgh",EH2 1AF,2312,1,2024-07-28
Mayor's International Business Programme,https://platform.beauhurst.com/acceleratormanager/iwncrj/accelerator/8simfj/,London & Partners,"Microsoft, GrantTree, Taylor Wessing, Globalization Partners, Wilson Sonsini Goodrich & Rosati, Moore Kingston Smith, Ciklum",European Regional Development Fund,,12 months.,"Access to Business Network, Access to Customer Network, Access to Network of Experts, Invitation to Exclusive Events, Mentoring, Workshops",Green,"The programme helps companies in the following sectors to expand globally: Finance, business services and tech  Creative  Urban innovation  Life sciences.",Applicant businesses must: Have between 10 and 250 employees Be generating annual revenues of more than £1m p/a Demonstrate steady growth with active projects. ,02072 345800,https://www.business.london/go-to-grow,https://www.linkedin.com/company/10406877,United Kingdom,Southwark,London,"London & Partners
169 Union Street
London",SE1 0LL,996,,2022-01-31
Innovation-to-Commercialisation of University Research (ICURe),https://platform.beauhurst.com/acceleratormanager/3b7npv/accelerator/f7dsm3/,Innovate UK,"NorthbyNorthwest Partnership, Innovate UK (IUK), UK Research & Innovation (UKRI), Department for Business, Energy & Industrial Strategy (BEIS), SETsquared",Advanced Modular Reactor (AMR) Feasibility and Development Project,,3 months,"Access to Business Network, Access to Customer Network, Business Advice, Educational Support, Financial Investment, Financial Planning, Marketing support, Mentoring, Product Development",Green,The programme is designed to support research teams with innovative ideas at UK universities to establish whether there is market demand.,,,http://www.setsquared.co.uk/research-commercialisation/applications-cohort-15-open,,United Kingdom,Southampton,South East,,,387,,2025-05-23
Zinc,https://platform.beauhurst.com/acceleratormanager/ca86mc/accelerator/cmv4vg/,Zinc,,,,6-12 months.,"Access to Finance, Access to Network of Experts, Business Advice, Business Education, Co-founder Matching, Co-working Space, Product Development, Stipend, Technical Expertise",Green,The accelerator is designed to help founders build commercial technology companies that tackle social challenges in the developed world. Each year the accelerator runs programmes called 'Missions' aimed at creating companies which tackle social issues within a broad theme.,Applicants must: Be developing technology that tackles issues within the developed world. Have a target market exceeding 100 million people. Be looking to exploit future opportunities and technologies.,,https://www.zinc.vc/,https://www.linkedin.com/company/11143118,United Kingdom,Camden,London,"6th Floor
Euston House
24 Eversholt Street
London
NW1 1AD",NW1 1AD,97,58,2025-01-21
Creative Brand Accelerator,https://platform.beauhurst.com/acceleratormanager/27hx59/accelerator/m6wrsa/,Royal College of Art,,,,6 months.,"Access to Business Network, Access to Investor Network, Brand Development, Co-working Space, Financial Planning, Marketing support, Mentoring, Workshops",Green,The programme provides mentoring and advice to creative small businesses.,Applicants companies must be founded or co-founded by a Royal College of Art (RCA) graduate.,020 7590 4508,https://www.rca.ac.uk/business/innovationrca/our-services/creative-brands-accelerator/,https://www.linkedin.com/company/11642062,United Kingdom,Wandsworth,London,"Royal College of Art
Rausing Research & Innovation Building
15 Parkgate Road
Battersea
London
SW11 4NL",SW11 4NL,11,,2024-05-01
Z21 Innovation Programme,https://platform.beauhurst.com/acceleratormanager/zxyuk5/accelerator/e9aywp/,University of Southampton,"University of Southampton, Solent Local Enterprise Partnership",Z21 Innovation Fund,,9 months,"Access to Finance, Access to Investor Network, Access to Network of Experts, Business Advice, Co-working Space, Financial Investment, Marketing support, Mentoring, Office Space, Workshops",Green,"The programme is designed to support technology and internet focussed ventures led by students and academics from the University of Southampton. The programme is split into two stages, an MVP Development stage lasting 3 months, and a Pre-Seed stage lasting 6 months.","Applicants must be students or academics at the University of Southampton using web based IP owned either by the University or the applicants. Applicants must be able to produce a prototype, feasibility study, budget, and be able to gain market traction within 9 months.",,https://www.southampton.ac.uk/wsi/z21/z21-innovation-fund.page#_ga=2.22789627.1915301689.1544090258-1130784069.1544090258,,United Kingdom,Southampton,South East,"University of Southampton
University Road
Southampton",SO17 1BJ,11,,2019-07-11
Startup Giants,https://platform.beauhurst.com/acceleratormanager/ctgknd/accelerator/jcqwu5/,Startup Giants,,Startup Giants,,,"Access to Finance, Access to Network of Experts, Business Advice, Financial Investment, Product Development, Technical Expertise, Workshops",Green,The programme is designed for pre-seed technology startups. ,,02032 913826,https://startupgiants.com/,https://www.linkedin.com/company/20196396,United Kingdom,Camden,London,"71-75 Shelton Street
Covent Garden
London",WC2H 9JQ,,,
Techcelerate,https://platform.beauhurst.com/acceleratormanager/gnjpsv/accelerator/5sjrqv/,Imperial College London,,,,4 months.,"Access to Investor Network, Access to Network of Experts, Business Advice, Financial Investment, Marketing support, Product Development, Workshops",Green,"The programme is designed to assist Imperial post-doctorates in starting up businesses focussed on deep-science technologies. It will provide up to £30,000 in financial support.",Applicants must be Imperial College research staff (including postdocs and fellows) or late-stage PhD students. ,,https://www.imperial.ac.uk/enterprise/staff/techcelerate/,https://www.linkedin.com/company/18922759,United Kingdom,Westminster,London,"Imperial College Road
London",SW7 2AZ,20,,2020-01-15
AI for Social Impact,https://platform.beauhurst.com/acceleratormanager/acausy/accelerator/73bxaz/,Social Tech Trust,Microsoft,,,4 months.,"Access to Business Network, Access to Network of Experts, Business Advice, Business Education, Mentoring, Product Development, Workshops",Green,"The programme is for businesses, charities and NGOs developing technology that uses artificial intelligence to create positive social change. ",The programme is for companies and organisations which: Are less than seven years old Have received under £750k investment Have under 400k annual revenues Currently use Cloud services Have an operational technical product Have an in-house tech lead ,,https://www.microsoft.com/en-gb/business/ai-for-good/,,United Kingdom,Hackney,London,"70 Wilson Street
London",EC2A 2DB,20,,2020-02-10
Billion Journey Project,https://platform.beauhurst.com/acceleratormanager/pbuki3/accelerator/zais4n/,Billion Journey Project,"Brighton & Hove Buses, Co:Cubed, Oxford Bus Company and Thames Travel, Transport Systems Catapult, The GoAhead Group, Department for Transport, Huckletree, South Eastern Railway, Metrobus",,,12 weeks.,"Access to Business Network, Access to Customer Network, Access to Network of Experts, Corporate Resources, Mentoring, Office Space, Product Development",Green,"The programme seeks to develop companies in the transport and mobility sector, specifically focussed on rail and bus transportation. ",Applicants must be operating in the transport sector.,,https://billionjourneyproject.com/,https://www.linkedin.com/company/18761377,United Kingdom,Hammersmith and Fulham,London,"Huckletree West 
191 Wood Lane
London",W12 7FP,19,,2018-10-08
InnovationRCA (Start-up Programme),https://platform.beauhurst.com/acceleratormanager/27hx59/accelerator/pivqz4/,Royal College of Art,,InnovationRCA,,,"Access to Business Network, Access to Finance, Access to Investor Network, Business Advice, Business Education, Corporate Resources, Financial Investment, Mentoring, Office Space, Product Development, Workshops",Green,"The programme is for early stage graduate start ups. The Royal College of Art typically takes small equity stake in participant companies, which will also receive AngelClubRCA membership.",,020 7590 4508,https://www.rca.ac.uk/research-innovation/innovationrca/our-programmes-offer/startup-offer/,https://www.linkedin.com/company/11642062,United Kingdom,Wandsworth,London,"Royal College of Art
Rausing Research & Innovation Building
15 Parkgate Road
Battersea
London
SW11 4NL",SW11 4NL,54,28,2025-03-18
Tech Nation Cyber,https://platform.beauhurst.com/acceleratormanager/c29mqt/accelerator/iwee4q/,Tech Nation,"Department for Digital, Culture, Media and Sport, Wilson Sonsini Goodrich & Rosati, CBRE, Talent Works International",,,6 months.,"Access to Business Network, Access to Investor Network, Access to Network of Experts, Business Education, Invitation to Exclusive Events, Mentoring",Green,The programme is designed for companies operating in the cyber security sector.,,,https://technation.io/programmes/cyber-security/,https://www.linkedin.com/company/2643737,United Kingdom,City of London,London,"3 Finsbury Avenue
London",EC2M 2PA,41,,2020-04-09
Slaughter and May Collaborate,https://platform.beauhurst.com/acceleratormanager/asz6vm/accelerator/qkp85s/,Slaughter and May Collaborate,,,,3 months.,"Access to Business Network, Access to Customer Network, Access to Investor Network, Access to Network of Experts, Business Advice, Corporate Resources, Mentoring, Product Development",Green,The programme is designed for primarily mid and early-stage businesses in the legal tech sector.,Companies must be focused on developing legal tech.,,https://www.slaughterandmay.com/our-firm/innovation/collaborate/#home,https://www.linkedin.com/company/13912,United Kingdom,Islington,London,"One Bunhill Row
London
EC1Y 8YY",EC1Y 8YY,13,,2024-04-12
Unlocking Ambition,https://platform.beauhurst.com/acceleratormanager/ijy3uf/accelerator/u2ckzx/,Scotland CAN DO,"Scottish Enterprise, Highlands and Islands Enterprise, Virgin Startup, GlobalScot, Young Enterprise Scotland, RBS (Royal Bank of Scotland), Scottish EDGE, FirstPort, Edinburgh Centre for Carbon Innovation, Scotland CAN DO, Scottish Government, Social Investment Scotland (SIS), The Royal Society of Edinburgh, Entrepreneurial Scotland",Unlocking Ambition,,6 months.,"Access to Business Network, Access to Investor Network, Access to Network of Experts, Business Education, Corporate Resources, Financial Investment, Mentoring, Technical Expertise",Green,"The programme is a fund set up by the Scottish Government, and aims to support entrepreneurs looking to contribute to the Scotland's journey towards a zero carbon economy. ",Applicant companies must: Be registered in Scotland and must be less than 4 years old Be able to demonstrate potential for growth to £1m+ within 3 years  Able to create high quality jobs  Able to support Scotland's drive towards a zero carbon economy. ,03000 133385,https://www.unlockingambition.scot/,,United Kingdom,Glasgow City,West of Scotland,"Atrium Court
50 Waterloo St
Glasgow",G2 6HQ,87,,2021-09-02
Hatch Impact Programme,https://platform.beauhurst.com/acceleratormanager/mea3gk/accelerator/cygvnw/,Hatch Enterprise,,,,6 months,"Access to Finance, Access to Investor Network, Access to Network of Experts, Co-working Space, Financial Planning, Legal Services, Mentoring, Workshops",Green,This programme is designed for growing London-based social enterprises.,Applicant companies must: Be between 1-5 years old Have an annual turnover of approximately £50K or more.  Have 2-5 members of staff  Be seeking to raise funds or scale their impact in the next 12-18 months.,020 7993 0074,https://www.impact.hatchenterprise.org/,https://www.linkedin.com/company/10847665,United Kingdom,Southwark,London,"Hatch Enterprise
61-63 East Street
London",SE17 2DJ,,,
Illumina Accelerator Cambridge,https://platform.beauhurst.com/acceleratormanager/w3uc8z/accelerator/e5y9eb/,Illumina,,,,6 months.,"Access to Business Network, Access to Finance, Business Advice, Financial Investment, Mentoring, Office Space, Technical Expertise",Green,The programme is for genomics-based startups and takes an 8% stake in each attendee company.,Applicants must not have raised Series A capital.,,https://www.illumina.com/science/accelerator.html,,United Kingdom,South Cambridgeshire,East of England,"Cori Building
9 Granta Park, Great Abington
Cambridge, Cambridgeshire
CB21 6GP",CB21 6GP,7,4,2022-09-14
Backstage Accelerator (London),https://platform.beauhurst.com/acceleratormanager/kqr58w/accelerator/gxnpup/,Backstage Capital,"Google for Startups, Microsoft, MailChimp, Zendesk, Silicon Valley Bank",Backstage Capital,,3 months.,"Access to Alumni Network, Access to Business Network, Access to Investor Network, Access to Network of Experts, Co-working Space, Financial Investment, Mentoring, Technical Expertise, Workshops",Green,"The accelerator supports businesses run by under-represented founders, including those who identify as a woman, person of colour, and/or member of the LGBTQ+ community.",,,https://backstagecapital.com/accelerator/,https://www.linkedin.com/company/15232925,United Kingdom,City of London,London,London,,2,1,2019-03-26
Crayfish Accelerator,https://platform.beauhurst.com/acceleratormanager/6ac5qg/accelerator/4v9ttv/,Crayfish.IO,"ZMAA, St John's Innovation Centre, UK China Enterprise, Destination Beyond Investment",,,6 months.,"Access to Finance, Access to Network of Experts, Business Advice, Financial Investment, Mentoring, Workshops",Green,The programme is designed to help UK companies access the Chinese market.,"Applicants must: Have a MVP  Work within the tech sector - with a particular focus on medical devices, advance manufacturing or new materials.  Have an interest in doing business with China within a medium term of 18 months. ",01223 421966,https://www.crayfish.io/content/crayfish-accelerator,https://www.linkedin.com/company/18026906,United Kingdom,Cambridge,East of England,"St John’s Innovation Centre
Cowley Road
Cambridge",CB4 0WS,,,
Cornerstone: 2.0 (The Scale-Up Program),https://platform.beauhurst.com/acceleratormanager/j75p2q/accelerator/jb8ah7/,FounderVine,,Cornerstone Partners,,9 weeks.,"Access to Business Network, Access to Finance, Access to Network of Experts, Business Advice, Business Education, Mentoring",Green,The programme is for SEIS/EIS qualified businesses that are owned by black founders.,Applicants should: Have 2 or more members of staff  Be ready to raise funding for their business in the next 6-12 months  Have some existing customers. Be a growing UK based venture less than 7 years old Have an annual turnover of around £50k or greater. ,,https://www.foundervine.com/cornerstone,,United Kingdom,Tower Hamlets,London,"One Canada Square
Canary Wharf
London",E14 5AB,,,
Business Growth Programme,https://platform.beauhurst.com/acceleratormanager/iwncrj/accelerator/7w6c3d/,London & Partners,,,,3 months.,"Access to Business Network, Access to Finance, Business Advice, Mentoring, Workshops",Green,The programme is designed to offer growth support to London-based SMEs.,Applicants must: Have a UK-registered company Have more than 3 but fewer than 250 employees Have a turnover of less than £40m Be based in London.,,https://business.london/business-growth-programme,https://www.linkedin.com/company/11233094,United Kingdom,Southwark,London,"London & Partners
2 More London Riverside
London
SE1 2RR",SE1 2RR,610,,2021-04-20
Sport Tech Hub,https://platform.beauhurst.com/acceleratormanager/fxbkt7/accelerator/xj3vy4/,London Sport,,,,12 weeks.,"Access to Business Network, Access to Finance, Access to Investor Network, Access to Network of Experts, Business Advice, Business Education, Corporate Resources, Invitation to Exclusive Events, Mentoring, Product Development",Green,The programme is designed to help develop technology startups aiming to increase levels of physical activity.,,,https://www.sporttechhub.co.uk/innovation-programme/,,United Kingdom,Southwark,London,"House of Sport
190 Great Dover Street
London",SE1 4YB,21,,2018-09-01
Conception X,https://platform.beauhurst.com/acceleratormanager/akqk3e/accelerator/zehu7m/,Conception X,,Barclays Eagle Labs,,9 months.,"Access to Investor Network, Access to Network of Experts, Business Advice, Business Education, Investment Assistance, Mentoring, Technical Expertise, Workshops",Green,The programme provides technology entrepreneurship training for PhD students. ,The accelerator is open to current students from all universities. ,,https://conceptionx.org/,https://www.linkedin.com/company/12657257,United Kingdom,Islington,London,"69 Wilson Street
London",EC2A 2BB,82,1,2025-03-10
MedTech SuperConnector (MTSC),https://platform.beauhurst.com/acceleratormanager/gnjpsv/accelerator/duezf6/,Imperial College London,,Research England,,6 months.,"Access to Business Network, Access to Finance, Access to Network of Experts, Business Advice, Business Education, Co-founder Matching, Mentoring",Green,The programme is for MedTech startups looking to develop and scale medical technologies.,Applicants must meet the following criteria: Be an early career researcher looking to explore commercialisation or licensing of technology Be developing a medical technology in a lab at a higher education institution in the UK Be developing a medical technology that is at a minimum proof of concept stage,,https://medtechsuperconnector.com/,https://www.linkedin.com/company/18701969,United Kingdom,Hammersmith and Fulham,London,"Translation & Innovation Hub
80 Wood Lane
London
W12 0BZ",W12 0BZ,20,,2021-12-23
Launch Academy,https://platform.beauhurst.com/acceleratormanager/hy2xhu/accelerator/pzgb2y/,Offshore Renewable Energy Catapult,"Scottish Power Renewables, Innovate UK (IUK), Red Rock Power, Murgitroyd, Quaybridge, Green Angel Ventures, Shepherd and Wedderburn, Siemens Gamesa Renewable Energy, BDO",Barclays Eagle Labs,,9 months.,"Access to Customer Network, Access to Investor Network, Accounting Services, Business Education, Investment Assistance, Legal Services, Marketing support, Mentoring, Technical Expertise",Green,The programme aims to commercialise the technology of SMEs that are addressing problems in the offshore wind supply chain.,,01670 357790,https://ore.catapult.org.uk/what-we-do/innovation/national-launch-academy/,https://www.linkedin.com/company/3318975,United Kingdom,Glasgow City,West of Scotland,"ORE Catapult
Inovo
121 George Street
Glasgow",G1 1RD,59,,2025-04-30
KQ Labs,https://platform.beauhurst.com/acceleratormanager/z5nkhr/accelerator/b5c8vr/,Francis Crick Institute,"Cancer Research UK, Arts SU, UK SPINE Knowledge Exchange, Covington & Burling, Health Data Research, Genomics England, The Alan Turing Institute, Knowledge Quarter",LifeArc Ventures,,5 months.,"Access to Business Network, Access to Finance, Access to Investor Network, Access to Network of Experts, Business Education, Financial Investment, Mentoring, Workshops",Green,"The programme is for early-stage companies with the potential for high-growth in the area of data-driven health. £40k as a convertible loan is provided to successful applicants, which was previously funded by Innovate UK and the Wellcome Trust and is now funded by LifeArc.","Applicants must: Have two or more founders/members Have an MVP, proof of concept or prototype Be an early stage company Have a team based in the UK Be a legal entity that's registered in the UK. ",,https://www.crick.ac.uk/partnerships/kq-labs,https://www.linkedin.com/company/35662541,United Kingdom,Camden,London,"The Francis Crick Institute
1 Midland Road
London NW1 1AT",NW1 1AT,76,73,2026-02-02
Founders Programme,https://platform.beauhurst.com/acceleratormanager/kcnryw/accelerator/kadbet/,Forward Partners,,Forward Partners: Pre-Seed and Seed,,5 weeks.,"Access to Investor Network, Business Advice, Business Education, Financial Investment, Investment Assistance, Marketing support, Mentoring, Product Development, Workshops",Green,The programme is designed for aspiring and early stage founders to develop their business and ready themselves for pre-seed investment. ,Applicant entrepreneurs should: Be passionate and committed to running a company Have initial ideas to work on Preferably have domain expertise Be able to commit to the programme,,https://forwardpartners.com/forward-founders-programme/,https://www.linkedin.com/company/2795488,United Kingdom,Hackney,London,"2 Aurora Building
124 East Road
Hoxton
London",N1 6FD,3,,2023-04-19
AG Elevate,https://platform.beauhurst.com/acceleratormanager/mn4xay/accelerator/ap48xp/,Addleshaw Goddard,,,,10 months,"Access to Business Network, Access to Network of Experts, Business Advice, Business Education, Corporate Resources, Legal Services, Mentoring",Green,The programme is for FinTech startups and provides help related to legal challenges that businesses face whilst scaling up.,,0113 209 2397,https://www.addleshawgoddard.com/en/ag-elevate/,,United Kingdom,City of London,London,"Milton Gate
60 Chiswell St
London
EC1Y 4AG",EC1Y 4AG,43,,2024-10-25
Higgs Business Incubation Centre (Higgs BIC),https://platform.beauhurst.com/acceleratormanager/nvz64k/accelerator/zftcih/,Science & Technology Facilities Council (STFC),,Higgs Business Incubation Centre (Higgs BIC),,,"Access to Business Network, Access to Interns, Access to Network of Experts, Business Advice, Corporate Resources, Financial Investment, Office Space, Technical Expertise",Green,The programme is designed to help early stage science & technology companies develop. ,"Applicant companies must be: A UK registered start-up Less than five years old Independent (founders have at least a 50% stake in the business) Developing technologies in one or more of space, big data/analytics, particle physics and any other STFC discipline.",0131 668 8290,https://www.dtc.stfc.ac.uk/programmes/higgs-business-incubation-centre-higgs-bic/,,United Kingdom,City of Edinburgh,East of Scotland,"The Higgs Centre for Innovation
Science and Technology Facilities Council
Royal Observatory Edinburgh
Blackford Hill
Edinburgh",EH9 3HJ,21,,2026-03-02
Antler in the UK,https://platform.beauhurst.com/acceleratormanager/9eqb3v/accelerator/dmqd4j/,Antler,,Antler,,8 weeks.,"Access to Alumni Network, Access to Business Network, Access to Investor Network, Access to Network of Experts, Business Advice, Business Education, Co-founder Matching, Financial Investment, Legal Services, Mentoring, Product Development, Stipend",Green,The programme aims to help entrepreneurs build global businesses in the UK from scratch. ,"Applicant entrepreneurs must be: Self-motivated and hard-working, with a proven track record Have a deep knowledge in an area that will help them build their business.",,https://www.antler.co/london,https://www.linkedin.com/company/27221633,United Kingdom,City of London,London,"WeWork
2 Minster Court
London",EC3R 7BB,72,69,2026-04-17
P4 Precision Medicine,https://platform.beauhurst.com/acceleratormanager/r3peps/accelerator/s7ja5w/,P4 Precision Medicine,,,,6 months.,"Access to Business Network, Access to Investor Network, Access to Network of Experts, Co-working Space, Legal Services, Mentoring, Product Development, Technical Expertise",Green,The programme aims to support companies working in precision medicine.,"Applicant companies should: Work in precision medicine Be early- to mid-stage medical device, diagnostic, or digital health companies  Have not yet closed a Series B  Be data-driven  Be able to demonstrate their route to market with a time-frame of 12 – 18 months  Have already received seed/grant funding  Show team credibility (at least 3 members with complimentary and relevant expertise)  Have Data Scientist involvement  Demonstrate use of AI.",,http://www.p4precisionmedicine.co.uk/,https://www.linkedin.com/company/19138556,United Kingdom,Islington,London,"IDEALondon,
69 Wilson Street,
London",EC2A 2BB,73,,2025-09-11
ATI Boeing Accelerator,https://platform.beauhurst.com/acceleratormanager/uifttu/accelerator/2cst63/,ATI Boeing Accelerator,"ATI, GKN, Boeing Aerospace, Rolls-Royce",,,3 months,"Access to Business Network, Access to Finance, Access to Investor Network, Corporate Resources, Financial Investment, Mentoring",Green,The programme is designed for companies which could improve growth and competitiveness in the aerospace industry. ,,,https://atiboeingaccelerator.com/,https://www.linkedin.com/company/29301860,United Kingdom,Westminster,London,"Programme Office
Public Hall,
1 Horse Guards Ave,
Westminster
London",SW1A 2HU,14,9,2021-01-19
Launch Space,https://platform.beauhurst.com/acceleratormanager/qa5w2d/accelerator/q6ji8y/,UWE Bristol (University of the West of England),,European Regional Development Fund,,12 months.,"Access to Finance, Access to Investor Network, Business Advice, Co-working Space, Invitation to Exclusive Events, Product Development",Green,The programme is aimed at providing business support to startups led by recent graduates. ,"Applicants must: Have graduated from a UK university within the last 5 years Have a high-tech or innovation focused business idea Have a business presence in the West of England Register a company or as a sole trader. Virtual residents will need a registered, trading or other 'operational' address in the West of England Be legally able to live and work in the UK.",01173 281043,https://www1.uwe.ac.uk/about/enterprise/launchspace/aboutlaunchspace.aspx,,United Kingdom,South Gloucestershire,South West,"University of the West of England
Frenchay Campus
Coldharbour Lane
Bristol
BS16 1QY",BS16 1QY,7,,2022-04-30
RGU Start Up Accelerator,https://platform.beauhurst.com/acceleratormanager/8ume48/accelerator/iiqtfn/,Robert Gordon University,"North East Scotland College (NESCol), Opportunity North East",Wood Foundation,,5 months,"Access to Business Network, Access to Finance, Access to Investor Network, Access to Network of Experts, Co-working Space, Financial Investment, Invitation to Exclusive Events, Mentoring, Office Space",Green,"The programme is for startups, innovative projects and social enterprises in Scotland that contain founders who are either students, staff or alumni of Robert Gordon University or North East Scotland College.","Applicants should meet the following criteria: Must have at least one founding member as a student, staff member or alumni of RGU or NESCol Must be impact focused, and align with one of the accelerator's identified challenge areas Must be based in Scotland and want to set up its HQ in Scotland.",,https://www.rgu.ac.uk/business-innovation/innovation-rgu/supporting-startups/startup-accelerator,,United Kingdom,Aberdeen City,Aberdeen,"Robert Gordon University
Garthdee House
Garthdee Road
Aberdeen",AB10 7QB,64,,2022-02-16
Exchange,https://platform.beauhurst.com/acceleratormanager/yz8w7q/accelerator/t34kwi/,Enterprise City,Tech Nation,,,6-12 months.,"Access to Investor Network, Access to Network of Experts, Business Education, Corporate Resources, Invitation to Exclusive Events, Office Space, Workshops",Green,The programme aims to help tech and digital early-stage companies in the North West.,Applicant companies must meet at least one of the following criteria: Been trading for 1-3 years Be headquartered in the UK Be a digital tech company with a sellable product/service Have at least 1 active client or pilot Have ambitions to grow or scale up.,,https://enterprisecityuk.com/exchange/,,United Kingdom,Manchester,North West,"Bonded Warehouse
18 Lower Byrom Street
Manchester
M3 4AP",M3 4AP,31,,2023-05-10
BetaDen,https://platform.beauhurst.com/acceleratormanager/u5y9ua/accelerator/ncvus9/,BetaDen,,BetaDen,,9 months.,"Access to Business Network, Access to Network of Experts, Corporate Resources, Financial Investment, Invitation to Exclusive Events, Marketing support, Mentoring, Office Space",Green,"The programme aims to support Worcestershire-based companies working with emerging technologies such as AI, 5G, IoT, and Industry 4.0.",The programme accepts early-stage companies. ,01905 672700,https://www.beta-den.com/,https://www.linkedin.com/company/11757676,United Kingdom,Malvern Hills,West Midlands,"Malvern Hills Science Park
Geraldine Road
Malvern
Worcestershire
WR14 3SZ",WR14 3SZ,39,,2024-07-09
Start Codon,https://platform.beauhurst.com/acceleratormanager/qtk26c/accelerator/9m553v/,Start Codon,"Zyme Communicatins, Milner Therapeutics Institute, Cancer Research UK, Genentech, Babraham Bioscience Technologies Limited, Cambridge Innovation Capital",,,6 months.,"Access to Investor Network, Business Education, Co-working Space, Corporate Resources, Financial Investment, Mentoring, Office Space",Green,The programme aims to support healthcare and life sciences focused startups. ,"Applicant companies must: Be early-stage Have at team of at least 2 committed management members, with at least one scientific founder or advisor Have a strong proof of concept and IP ownership Be a private company with a share capital incorporated in England and Wales. ",,https://startcodon.co/,https://www.linkedin.com/company/35504417,United Kingdom,Cambridge,East of England,"Cambridge Biomedical Innovation Hub
Clifford Allbutt Building, Hills Road
Cambridge
CB2 0SP",CB2 0SP,17,4,2020-09-30
Google for Startups Immersion,https://platform.beauhurst.com/acceleratormanager/ncekav/accelerator/u2irdb/,Google for Startups,,,,12 weeks.,"Access to Business Network, Access to Investor Network, Corporate Resources, Mentoring, Product Development, Workshops",Green,The programme aims to support startups connect to London's ecosystem.,,,https://www.campus.co/london/google-startups-immersion/,https://www.linkedin.com/company/318336369,United Kingdom,Islington,London,"4-5 Bonhill Street
London
EC2A 4BX",EC2A 4BX,4,,
Pathfinder Accelerator,https://platform.beauhurst.com/acceleratormanager/78hv6g/accelerator/fv2yvk/,Northern Innovation Hub,,European Regional Development Fund,,6 months.,"Access to Business Network, Access to Network of Experts, Business Education, Mentoring, Workshops",Green,The programme aims to support businesses looking to enter the digital space.,"Applicant companies must be: Located in the Highland Council area Looking to develop a product, service or business model that relates to technology, life sciences, IT, health and care, engineering or aquaculture. ",,https://www.hie.co.uk/support/browse-all-support-services/pathfinder-accelerator/,,United Kingdom,Highland,Highlands and Islands,"An Lòchran
10 Inverness Campus
Inverness
IV2 5NA",IV2 5NA,6,,2022-01-14
Tech Export Academy,https://platform.beauhurst.com/acceleratormanager/5cw9vk/accelerator/hb4nft/,Department for International Trade,"Santander, Grant Thornton UK, Clifford Chance, HSBC Global Services, Taylor Wessing, BDO, Linklaters LLP, Ernst & Young, KPMG",,,9 months.,"Access to Investor Network, Business Education, Investment Assistance, Legal Services, Mentoring, Workshops",Green,The programme aims to support technology SMEs through growing their export markets. Its first cohort is focusing on companies in the Smart Cities sector.,Applicant companies must: Be UK based Have an established product or service Be new or in early stages of exporting to the Asia Pacific region.,,https://www.events.great.gov.uk/ehome/index.php?eventid=200208037&,,United Kingdom,Westminster,London,"3 Whitehall Place
Westminster
London",SW1A 2HP,,,
City Launch Lab,https://platform.beauhurst.com/acceleratormanager/rh3vbw/accelerator/qkdj7p/,"City, University of London",,,,3 months.,"Access to Alumni Network, Access to Business Network, Access to Investor Network, Access to Network of Experts, Business Education, Co-working Space, Corporate Resources, Invitation to Exclusive Events, Mentoring",Green,The programme is designed to help entrepreneurs launch businesses in their early stages.,"Applicants must be undergraduate or postgraduate students or graduates of City, University of London, and be able to commit 8 hours per week to mandatory activities.",02070 405060,https://www.city.ac.uk/business-services/entrepreneurship/launch/city-launch-lab,https://www.linkedin.com/company/163090,United Kingdom,Islington,London,"City, University of London
Northampton Square
London",EC1V 0HB,1,,
Shell StartUp Engine UK,https://platform.beauhurst.com/acceleratormanager/yvg2qp/accelerator/iwv2yc/,Shell,Unreasonable Group,,,12 months,"Access to Alumni Network, Access to Business Network, Access to Investor Network, Access to Network of Experts, Mentoring, Product Development",Green,The programme is for scale and growth stage start-ups that will contribute towards a just energy transition. ,"The accelerator manager lists the following as important criteria for start-ups to meet: Contributes towards a fair and just energy transition  Increases access to clean energy  Gives consumers the information and tools to buy, store, consume, and trade energy  Based in or entering the UK energy market, ideally beyond established tech hubs and with founders who have historically been underrepresented in leadership positions",,https://www.shell.co.uk/sustainability/society/encouraging-enterprise.html,,United Kingdom,Lambeth,London,"Shell Centre
London
SE1 7NA",SE1 7NA,12,,2023-11-07
CyberASAP - Phase 1,https://platform.beauhurst.com/acceleratormanager/xxt9zf/accelerator/gxwmcs/,KTN,Innovate UK (IUK),"Department for Digital, Culture, Media and Sport",,4 months.,"Access to Network of Experts, Product Development, Workshops",Green,"The programme is aimed at helping teams from academic institutions commercialise cyber security products and services, focusing on value proposition and market validation. Successful teams will progress from this programme to 'CyberASAP Phase 2' . In its first year, this programme was called ' Innovation-to-Commercialisation of University Research (ICURe) '.","Applicant companies must: Not exceed £16,000 for its total eligible costs in it value proposition or market validation stages, without further justification  Start its project on 1 April 2020 and end by 31 July 2020. Be based in a UK academic institution Have a cyber security idea Be interested in the commercialisation of their idea Have the support of their academic institution’s technology transfer office, or equivalent",,https://ktn-uk.org/programme/cyberasap/,,United Kingdom,Westminster,London,"100 Parliament St
Westminster
London",SW1A 2BQ,27,,2024-05-14
CyberASAP - Phase 2,https://platform.beauhurst.com/acceleratormanager/xxt9zf/accelerator/wju33g/,KTN,Innovate UK (IUK),"Department for Digital, Culture, Media and Sport",,5 months.,"Access to Investor Network, Access to Network of Experts, Educational Support, Product Development, Workshops",Green,"The programme is aimed at helping teams from academic institutions commercialise cyber security products and services and follows on from ' CyberASAP Phase 1 '. This phase is focused on developing proof of concept. In its first year, this programme was called ' Innovation-to-Commercialisation of University Research (ICURe) '.",Teams must have attended and successfully progressed through 'CyberASAP Phase 1' to access this programme.,,https://ktn-uk.org/programme/cyberasap/,,United Kingdom,Westminster,London,"100 Parliament St
Westminster
London",SW1A 2BQ,38,,2023-10-24
Impact Central,https://platform.beauhurst.com/acceleratormanager/dsddg2/accelerator/e5jstx/,Impact Central,,,,6 months.,"Access to Business Network, Access to Finance, Access to Network of Experts, Business Education, Co-working Space, Mentoring",Green,The programme looks to support social impact companies. ,"Applicant companies must have: A clear social and/or environmental solution Evidence of market traction with a revenue model  A team, including co-founders, advisors and potential investors. ",020 3475 0431,https://impactcentral.co.uk/,https://www.linkedin.com/company/14819365,United Kingdom,Hammersmith and Fulham,London,"405 Kings Road
London
United Kingdom
SW10 0BB",W6 9JJ,35,,2021-09-13
Knowledge Transfer Network (KTN) SME Accelerator programme,https://platform.beauhurst.com/acceleratormanager/7d4ahq/accelerator/mrtgbj/,KTN,Innovate UK (IUK),,,6 months,"Access to Investor Network, Access to Network of Experts, Business Advice, Investment Assistance, Technical Expertise",Green,The programme aims to support companies towards commercialisation. ,"Applicant companies should be early or late stage innovators. The programme is particularly interested in companies with IP in the following areas: Chemistry, Chemical Engineering, Industrial Biotechnology, Synthetic Biology, Digitisation; Artificial Intelligence fields.  It is also particularly interested in companies  working in the following themes: Alternative feedstocks; Catalysis; Chemical Recycling of chemicals/ materials; process intensification. ",03333 403250,https://ktn-uk.org/events/launch-of-ktn-sme-accelerator-accelerating-innovative-chemistry-industrial-biotech-led-solutions-for-a-net-zero-world/,https://www.linkedin.com/company/5126568,United Kingdom,Islington,London,"Unit 218
Business Design Centre
Upper Street
Islington
London",N1 0QH,1,,2020-11-30
Rise,https://platform.beauhurst.com/acceleratormanager/qxeqh9/accelerator/5hagum/,Colorintech,,,,8 weeks.,"Access to Business Network, Access to Investor Network, Business Education, Product Development, Workshops",Green,This programme is designed for founders from underrepresented backgrounds. ,"The programme's eligibility criteria are: You identify as belonging to an ethnic minority You are pre-seed and have not raised more than £150k You have an idea or product in MVP stage or early product-stage, that uses technology to solve a real demonstrable problem Enthusiastic and ready to network and grow with others You can commit to the 8-week program (4 hours a week) You are based in Europe.",,https://www.colorintech.org/programs/rise,,United Kingdom,Hammersmith and Fulham,London,"Colorintech HQ
Huckletree West
Mediaworks, 191 Wood Ln
London",W12 7FP,12,,
Fintech Accelerator,https://platform.beauhurst.com/acceleratormanager/geecyh/accelerator/7ws4j6/,NatWest,,,,6 months.,"Access to Business Network, Access to Investor Network, Business Advice, Investment Assistance, Legal Services, Mentoring, Technical Expertise",Green,The programme aims to support FinTech businesses in their growth. ,Applicant company business models must be based on financial technologies.,,https://www.business.natwest.com/business/business-services/entrepreneur-accelerator.html,,United Kingdom,Tower Hamlets,London,"250 Bishopsgate
London
EC2M 4AA",EC2M 4AA,2,,2024-03-14
MSIP Accelerator,https://platform.beauhurst.com/acceleratormanager/2dz8ui/accelerator/jbufq4/,Skillfluence,"Michelin Scotland Innovation Parc, Dundee City Council, Michelin, Skillfluence",Scottish Enterprise,,12 weeks.,"Access to Finance, Access to Investor Network, Business Advice, Mentoring, Stipend, Workshops",Green,This programme is designed for companies operating in sustainable mobility or decarbonisation.,Companies must be: Developing green-tech and disruptive products Actively seeking investment Operating in the sustainability or decarbonisation sectors,01224 289700,https://www.msipdundee.com/our-parcs/msip-accelerator/,https://www.linkedin.com/company/28532196,United Kingdom,Dundee City,Tayside,"Michelin Scotland Innovation Parc
Baldovie Road
Dundee
DD4 8UQ",DD4 8UQ,38,,2025-01-09
SeedReady Pre-Accelerator,https://platform.beauhurst.com/acceleratormanager/t76y75/accelerator/3kwsaf/,SeedReady,,,,4 weeks,"Access to Business Network, Access to Network of Experts, Marketing support, Product Development, Workshops",Green,This accelerator programme is designed to help early-stage founders develop their businesses. ,Applicant companies to the programme should be: At the idea stage of developing their business Based in the UK Digital & Tech enabled businesses. ,,https://www.seedready.org/pre-accelerator/,,United Kingdom,Camden,London,"71-75 Shelton St, 
Covent Garden,
London",WC2H 9JQ,13,,2020-10-01
Faraday Battery Challenge Investment Readiness Programme,https://platform.beauhurst.com/acceleratormanager/ksfm3x/accelerator/4vt6en/,Innovate UK Business Connect,"Stronger Stories, Mountside Ventures",Faraday Challenge,2024-08-22,12 weeks.,"Access to Investor Network, Investment Assistance, Mentoring, Workshops",Green,The programme helps SMEs that work with electric battery vehicles improve their pitching skills and access funding.,Applicants must: Be an SME based in the UK Be active in the battery technology or battery value chain sectors Be at a demonstrator stage of development,03333 403250,https://ktn-uk.org/news/the-successful-applicants-in-the-faraday-investment-readiness-programme/,,United Kingdom,Islington,London,"Unit 220
Business Design Centre
Upper Street
Islington
London",N1 0QH,35,,2024-09-03
FinTech Wales Foundry,https://platform.beauhurst.com/acceleratormanager/uvmn77/accelerator/y8qqx2/,FinTech Wales,"Principality Building Society, Admiral Pioneer, Cardiff Capital Region",,,12 weeks.,"Access to Investor Network, Corporate Resources, Mentoring, Office Space, Workshops",Green,"The programme aims to match FinTech companies with Welsh institutions in order to encourage jobs, investment and deals in the space.","Applicant companies must be operating in the FinTech space. The programme does not specify restrictions though it is currently focussing on the following areas: Future of Mobility – Societal sustainability, alternative transport, electric & autonomous vehicles. Do you have ideas that can help Wales get from A to B better?  Live to 101 – Longer lives have larger implications and you’ve aged just reading this. How can you support the health and wealth of the nation as we age?  Future of Work – From SME’s to gig economies, covid has changed the 9-5 forever. Can you efficiently automate or upskill the future workforce of Wales?  Money Management For All – Do you embrace open banking in ingenious ways that look after the pennies and pounds of Welsh pockets at all stages of life? FinTech companies not operating in the above will still be considered.",02921 961002,https://fintechwales.org/news/introducing-the-fintech-wales-foundry/,https://www.linkedin.com/company/19142604,United Kingdom,Cardiff,Wales,"Capital Building
Tyndall Street
Cardiff",CF10 4AZ,10,,2025-05-13
EdVenture,https://platform.beauhurst.com/acceleratormanager/dknqa8/accelerator/ayb3gy/,EdVenture,,,,10 weeks,"Access to Network of Experts, Corporate Resources, Financial Investment, Mentoring, Workshops",Green,EdVenture is designed to help university students develop businesses. ,"Candidates for the programme must possess b usiness acumen,  entrepreneurial spirit and the drive to see ideas through to their execution.",,https://edventure.vc/,,United Kingdom,City of Edinburgh,East of Scotland,"Holyrood, 
Edinburgh",EH8 8AQ,6,,2021-01-26
FemTech Lab,https://platform.beauhurst.com/acceleratormanager/9g8y44/accelerator/6r2hzv/,FemTech Lab,"stephenson, Spinks, Hays Macintyre",,,12 weeks.,"Access to Investor Network, Access to Network of Experts, Business Advice, Business Education, Investment Assistance, Mentoring, Product Development",Green,The programme aims to support FemTech startups in bringing their product to market.,"Applicant companies must: Be early-stage startups Work in the FemTech space Have ambitious, growth-minded founders Be building a product with the intention of disrupting the market Have an MVP or tested prototype, with user feedback Be working on a go-to-market strategy Be considering a pre-seed or seed fundraise.",,https://femtechlab.com/,https://www.linkedin.com/company/68869098,United Kingdom,Hackney,London,"Flat 47 Gaumont Tower
Dalston Square
London",E8 3BQ,15,,2023-02-28
Applied AI,https://platform.beauhurst.com/acceleratormanager/c29mqt/accelerator/duvwrd/,Tech Nation,,,,6 months,"Access to Investor Network, Business Education, Mentoring",Green,The programme is designed for companies using AI technology. ,"To be eligible, companies must: Have headquarters in the UK Have Artificial Intelligence at the core of your value proposition and your key product, not an excess feature Seed to Series A* (or no more than £1.5m annual recurring revenue) Take into account ethical considerations",,https://technation.io/programmes/applied-ai/,,United Kingdom,Hackney,London,"20-22 Wenlock Road
London",N1 7GU,126,1,2022-11-09
Brands of Tomorrow,https://platform.beauhurst.com/acceleratormanager/xtpn2r/accelerator/zery59/,Walpole,"Mischon de Reya, moneycorp",,,12 months.,"Access to Business Network, Mentoring",Green,The programme is designed for fashion companies. ,Companies must have a turnover of under £5m. ,,https://www.thewalpole.co.uk/about-brands-of-tomorrow,,United Kingdom,Lambeth,London,"2nd Floor
Riverside Building, County Hall
Westminster Bridge Road
London",SE1 7JA,76,,
Algorand Europe Accelerator,https://platform.beauhurst.com/acceleratormanager/sy9atd/accelerator/sxdrii/,Algorand Europe Accelerator,"Algorand Foundation, Borderless Capital",Eterna Capital,,12 weeks.,"Access to Business Network, Access to Investor Network, Business Advice, Business Education, Financial Investment, Mentoring, Technical Expertise",Green,The programme provides support to startups building products on Algorand or contributing to the Algorand ecosystem.,Applicant companies must: Be building products on or contributing significantly to the ecosystem of Algorand Be Pre-Seed or Seed stage Have at least 2 team members Be able to prove its business case or product-market fit,,https://www.algorand-europe-accelerator.com/,https://www.linkedin.com/company/42900150,United Kingdom,Westminster,London,"48 Dover St
London",W1S 4FF,3,1,2021-02-01
Indielab TV Accelerator,https://platform.beauhurst.com/acceleratormanager/y5qqtt/accelerator/xj4x47/,Indielab,,The Creative Catalyst,,4 months.,"Access to Business Network, Access to Investor Network, Access to Network of Experts, Business Advice, Investment Assistance",Green,The programme provides assistance to businesses in the TV industry.,Applicant companies must be operating within the TV industry.,,https://www.weareindielab.co.uk/,https://www.linkedin.com/company/37420480,United Kingdom,Westminster,London,"Somerset House Exchange
New Wing
Strand 
London",WC2R 1LA,77,,2023-06-14
Indielab West Yorks,https://platform.beauhurst.com/acceleratormanager/y5qqtt/accelerator/j4gr3x/,Indielab,"West Yorkshire Business and Skills, West Yorkshire Combined Authority",The Creative Catalyst,,,"Access to Business Network, Access to Investor Network, Access to Network of Experts, Business Advice, Investment Assistance, Workshops",Green,The programme provides assistance to creative businesses in the TV & games industries in the West Yorkshire area. ,Applicant companies must be operating within the TV or games industries and be situated within the West Yorkshire industry.,,https://www.weareindielab.co.uk/,https://www.linkedin.com/company/37420480,United Kingdom,Westminster,London,"Somerset House Exchange
New Wing
Strand 
London",WC2R 1LA,2,,2022-02-01
M:Tech,https://platform.beauhurst.com/acceleratormanager/83sbe3/accelerator/36cxcw/,Mishcon de Reya,,,,,"Business Advice, Mentoring",Green,The programme is designed for early-stage tech companies. ,"To be considered for a place on the M:Tech programme, businesses should be: Based in the UK and in the first three years of operation Generating revenue, with at least one active client or pilot Contemplating a significant fundraising within the next six to 18 months  ",020 3321 7000,https://www.mishcon.com/mtech,,United Kingdom,Camden,London,"Mishcon de Reya LLP
Africa House
70 Kingsway
London",WC2B 6AH,22,,2020-09-18
The Scaleup Programme,https://platform.beauhurst.com/acceleratormanager/3b7npv/accelerator/59xwkh/,Innovate UK,Scaleup Institute,Innovate UK,,,"Access to Alumni Network, Access to Finance, Access to Network of Experts, Accounting Services, Business Advice, Corporate Resources, Investment Assistance, Mentoring",Green,"The programme aims to provide tailored support to ambitious R&D and IP heavy UK companies, to help them scale globally.",Applicant companies should be: UK based R&D intensive & IP rich Disrupting an industry Capable of internationalisation Capable of achieving 50% growth p.a.,03001 233066,https://www.innovateukedge.ukri.org/Scale-with-us,,United Kingdom,Swindon,South West,"Polaris House
North Star Avenue
Swindon",SN2 1FL,28,,2025-11-01
The Hatchery,https://platform.beauhurst.com/acceleratormanager/8nfa33/accelerator/ap3jss/,UCL Innovation & Enterprise,,,,Up to 24 months.,"Access to Business Network, Access to Investor Network, Accounting Services, Business Advice, Business Education, Co-working Space, Investment Assistance, Legal Services, Mentoring, Office Space, Product Development, Workshops",Green,"The programme provides support to startups founded by UCL students, researchers and recent graduates.","Applicant companies must be: Founded by students, researchers or recent graduates (graduated within 3 years) of UCL Operating in any sector, but be unrelated to university research if the founder/s are studying for a PhD Ideally applicant companies will also: Be tackling a market gap Have worked out the practicalities Have passionate and committed founders Have tested and proven part of the product/service and market potential.",,https://www.ucl.ac.uk/enterprise/students/join-hatchery-startup-incubator,https://www.linkedin.com/company/10662848,United Kingdom,Camden,London,"103c Camley St
London",N1C 4PF,407,,2025-10-23
NCSC For Startups,https://platform.beauhurst.com/acceleratormanager/r9tfgn/accelerator/kapntg/,National Cyber Security Centre,"NCSC, Plexal",,,,"Access to Business Network, Access to Finance, Access to Investor Network, Co-working Space, Product Development, Technical Expertise",Green,The programme is designed to support cyber security companies. It is the successor to the  NCSC Cyber Accelerator.,Applicant companies must be registered and have an active presence in the UK. They must also be prepared to undergo government security checks.,,https://www.ncsc.gov.uk/section/ncsc-for-startups/overview,https://www.linkedin.com/company/25047749,United Kingdom,Cheltenham,South West,"Unit H2
The Brewery Quarter
High St
Cheltenham",GL50 3FF,14,,2023-09-20
Sie,https://platform.beauhurst.com/acceleratormanager/9ug486/accelerator/ygehw3/,Sie,,,,3 months.,"Access to Investor Network, Investment Assistance, Invitation to Exclusive Events, Mentoring, Workshops",Green,The programme provides support to female founders in order to get them investment ready.,"Applicant companies must: Be building a scalable business that is defensible and venture-backable Have launched or be in active Beta Have at least one female founder Have a product or service that is tech-enabled through mobile or web, or has patentable technology Be early stage and looking to kick off the fundraising process. ",,https://www.sie.ventures/,https://www.linkedin.com/company/70385075,United Kingdom,Hackney,London,"20-22 Wenlock Road
London",N1 7GU,3,,2021-01-19
Libra,https://platform.beauhurst.com/acceleratormanager/c29mqt/accelerator/bsn3dt/,Tech Nation,Cooley,Tech Nation,,6 months.,"Access to Business Network, Access to Finance, Access to Investor Network, Access to Network of Experts, Business Advice, Legal Services, Workshops",Green,"The programme provides support for tech-based businesses with at least one Black, South Asian, East Asian or Arab founder.","Applicants must: Have at least one founder who is Black, South Asian, East Asian or Arab. Be a digital tech business. Be incorporated within the UK & within the last 5 years. Be at Seed to Series A funding stage with max annual revenue below £1.5million Have a clear growth pathway with at least one active client or pilot. Have the ability to demonstrate market traction and commit to the completion of the programme. Applicants can't be consultancies or agencies.",,https://technation.io/programmes/libra/,,United Kingdom,Hackney,London,"Tech Nation
20-22 Wenlock Road,
London,
N1 7GU",N1 7GU,65,,2024-01-24
Inclusive Ventures Lab (EMEA),https://platform.beauhurst.com/acceleratormanager/54cz8m/accelerator/p38mmp/,Morgan Stanley,,Morgan Stanley Investment Management,,5 months.,"Access to Alumni Network, Access to Investor Network, Access to Network of Experts, Business Advice, Financial Investment, Mentoring",Green,"The programme focuses on funding and developing diverse and multicultural early-stage companies, and is the EMEA (Europe, Middle East and Africa) branch of the existing Inclusive Ventures Lab based in New York. The programme was formerly known as the Multicultural Innovation Lab.",Applicant companies should: have a multicultural or woman founder or C-suite member be seed or early-stage be within the tech industry across a range of sectors have launched a product with demonstrated revenues,02074258000,https://www.morganstanley.com/about-us/diversity/multicultural-innovation-lab,https://www.linkedin.com/company/497017,United Kingdom,Tower Hamlets,London,"20 Bank Street
Canary Wharf
London
E14 4AD",E14 4AD,9,5,2023-09-12
The ScaleUp Accelerator,https://platform.beauhurst.com/acceleratormanager/k4i6xn/accelerator/2c662a/,The Accelerator Network,White Horse Capital,,,12 months.,"Access to Investor Network, Business Education, Financial Planning, Investment Assistance, Legal Services, Mentoring",Green,"The programme aims to help UK-based tech companies, specifically B2B software-as-a-service companies, get ready to raise a Series A round.",Applicant companies must: Be UK based Be a technology business Be approaching/exceeding £1m revenue (minimum £500k revenue) per year Have 10+ staff and core team is established Have achieved product market fit Have growth ambitions Be looking to raise £1m-£5m from VCs in the next year Applicant companies will also ideally: Be B2B SaaS focused Have a founder with domain expertise.,,https://thescaleupaccelerator.com/,https://www.linkedin.com/company/69712340,United Kingdom,Southwark,London,"123A Borough High Street
London",SE1 1NP,26,,
Deeptech Labs,https://platform.beauhurst.com/acceleratormanager/qmjdzi/accelerator/6t7qvc/,Deeptech Labs,,,,13 weeks.,"Access to Alumni Network, Access to Business Network, Access to Finance, Access to Network of Experts, Financial Investment, Mentoring, Workshops",Green,The programme is designed for startups developing deeptech technologies.,Applicant companies must: Be working in the deeptech industry Be at seed stage with an early team Have an established technology.,,https://dtl.vc/,https://www.linkedin.com/company/69508639,United Kingdom,Cambridge,East of England,"Hauser Forum
3 Charles Babbage Road
Cambridge, UK",CB3 0GT,16,1,2023-09-29
The Greenhouse,https://platform.beauhurst.com/acceleratormanager/djvude/accelerator/s7yf7e/,Undaunted,"Inflexion Private Equity, HSBC, Imperial College London",Undaunted,,12 months.,"Access to Alumni Network, Access to Business Network, Access to Customer Network, Access to Interns, Access to Investor Network, Business Advice, Financial Investment, Investment Assistance, Invitation to Exclusive Events, Mentoring, Office Space, Product Development, Workshops",Green,"The programme aims to develop Climate Tech start-ups, to support their fundraising and growth from initial ideas to market entry.",Applicants must: Be a UK legal entity and UK-based. Ideally have more than one founder. Have a product or business looking to tackle or counteract the effects of climate change. Have a business with commercial potential and a clear understanding of how their technology will work. Have not previously raised large commercial investment.,,https://undaunted-hq.org/programmes/the-greenhouse/,,United Kingdom,Westminster,London,"21 Albemarle Street
London
W1S 4BS",W1S 4BS,71,,2025-12-01
STAC,https://platform.beauhurst.com/acceleratormanager/7jafzp/accelerator/xdzsfb/,Smart Things Accelerator Centre,"Arrow Electronics, Filament, Anderson Anderson & Brown, Burness Paull, Twilio, Keysight Technologies, Scintilla, Arceptive, Soben, Plexus Corp.",Scottish Enterprise,,18 months.,"Access to Business Network, Access to Customer Network, Access to Finance, Business Advice, Co-working Space, Financial Investment, Mentoring, Product Development",Green,The programme focuses on supporting Internet of Things technology companies within Scotland.,Applicants must: Be a registered company based in Scotland. Be developing a Smart Thing technology. Potential applicants should also demonstrate the following: Developing a sustainable company. Able to demonstrate a proof of concept for their idea.,0141 248 7695,https://www.stac.ac/,https://www.linkedin.com/company/79746471,United Kingdom,Glasgow City,West of Scotland,"18 Elliot Place
The Skypark
Glasgow
G3 8EP",G3 8EP,28,2,2025-08-18
Female Founders,https://platform.beauhurst.com/acceleratormanager/99aes4/accelerator/dmfgyk/,Creative England,,,,8 months.,"Access to Alumni Network, Access to Business Network, Business Advice, Business Education, Financial Planning, Mentoring, Technical Expertise",Green,The programme aims to help businesses led by women to scale up.,Applicants must: Have a product that tells storytelling through moving image. Identify as a woman Be based in an English city outside of London. Have generated revenue in the last 3 years.,,https://www.creativeengland.co.uk/creative-enterprise/scale/female-founders/,,United Kingdom,"Bristol, City of",South West,"College House
32-36 College Green
Bristol",BS1 5S,36,,2022-09-20
Cyber Runway,https://platform.beauhurst.com/acceleratormanager/eyfvwa/accelerator/zf948u/,Plexal,CSIT,"Department for Digital, Culture, Media & Sport (DCMS)",,6 months.,"Access to Business Network, Access to Investor Network, Access to Network of Experts, Business Advice, Invitation to Exclusive Events, Mentoring, Product Development, Workshops",Green,This programme is designed to support technology start-ups to launch and scale.,,,https://www.plexal.com/cyber-runway/,,United Kingdom,Hackney,London,"14 East Bay Lane
Here East
Queen Elizabeth Olympic Park",E20 3BS,149,,2024-09-30
AWS Healthcare Accelerator,https://platform.beauhurst.com/acceleratormanager/td2vrf/accelerator/fq74zd/,PUBLIC,,,2021-12-05,4 weeks.,"Access to Alumni Network, Access to Business Network, Corporate Resources, Technical Expertise, Workshops",Green,"The programme aims to support companies within the healthcare sector, specifically focusing on citizen access, elective care recover, precision medicine, population health, and the care workforce.","Applicant companies must: have demonstrated commercial traction in revenue and potential to scale be based in the UK or, if international, have existing UK-based operations be focused on healthcare solutions have an Amazon Web Services account or be considering a migration to AWS",,https://www.public.io/awshealthcareaccelerator,,United Kingdom,Westminster,London,"PUBLIC Hall
One Horseguards Avenue
Westminster
London
SW1A 2HU",SW1A 2HU,2,,2023-04-04
Future Worlds,https://platform.beauhurst.com/acceleratormanager/4tfzi2/accelerator/rg6gn9/,Future Worlds,,,,4 months.,"Access to Business Network, Access to Investor Network, Access to Network of Experts, Business Education, Mentoring, Office Space",Green,The programme provides support to startup companies aiming to rapidly develop and commercialise their ideas.,"Applicants must: be a current or recent (up to the previous academic year) student or researcher at the University of Southampton be a founder or co-founder of a startup company Companies must: be at the startup stage, rather than a pre- or post-startup stage",,https://futureworlds.com,,United Kingdom,Southampton,South East,"University of Southampton
University Road
Southampton",SO17 1BJ,82,,2025-01-30
The Reactor Programme,https://platform.beauhurst.com/acceleratormanager/v3k4bk/accelerator/cp8s6i/,Triple Chasm Company,Discovery Park,,,8 weeks.,"Access to Network of Experts, Business Advice, Corporate Resources, Mentoring, Product Development",Green,"The programme provides support for companies within the life sciences sector, focussing on companies related to agricultural technology, biopharmaceuticals, and healthcare.","Applicant companies must be; A life science company within the three specified focus areas - agricultural technology, biopharmaceuticals, or healthcare",,https://discovery-park.co.uk/discovery-park-reactor-programme-faqs/,,United Kingdom,Dover,South East,"Discovery Park
Innovation House
Sandwich
Kent",CT13 9FF,9,,2021-09-21
Net Zero,https://platform.beauhurst.com/acceleratormanager/c29mqt/accelerator/uanf97/,Tech Nation,"Sage Group, BNP Paribas",,,6 months.,"Access to Business Network, Access to Investor Network, Access to Network of Experts, Business Education, Mentoring, Technical Expertise, Workshops",Green,The programme is designed to support early-stage fast-scaling businesses that aim to reduce global emissions. ,"Applicant companies must meet the following criteria: Must be an early-stage fast-scaling company Have ambitions to scale Demonstrate a proved market-fit Be headquartered in the UK Have only received early-stage funding or up to Series A OR has revenues below £1.5m Have a product or service that has progressed from the minimum viable product stage Be aiming to reduce global emissions, and typically be working within digital, hardware or life science sectors.",,https://technation.io/programmes/net-zero/,https://www.linkedin.com/company/2643737,United Kingdom,City of London,London,"3 Finsbury Avenue
London",EC2M 2PA,92,,2024-01-09
Future of Air Mobility Accelerator,https://platform.beauhurst.com/acceleratormanager/xa3z6j/accelerator/iif6rv/,Connected Places Catapult,,,,6 months.,"Access to Business Network, Access to Customer Network, Access to Finance, Access to Network of Experts, Access to Political Network, Business Education, Mentoring, Office Space, Product Development, Technical Expertise",Green,The programme aims to support SMEs developing innovative solutions within the air mobility industry.,Applicants must meet the following criteria: Be an SME Have or be looking to have a UK registered company address Be developing a solution at technology readiness levels (TRLs) 6-8 Be developing a solution that addresses the programme challenges,,https://community.cp.catapult.org.uk/en/page/future-air-mobility-accelerator-en,,United Kingdom,Islington,London,"The Urban Innovation Centre
One Sekforde Street
London
EC1R 0BE",EC1R 0BE,27,,2023-11-30
Lab by Transport for Wales,https://platform.beauhurst.com/acceleratormanager/4rvdvw/accelerator/h4zm48/,Alt Labs,Transport for Wales Rail,Business Wales,,12 weeks.,"Access to Business Network, Access to Finance, Access to Network of Experts, Brand Development, Business Education, Co-working Space, Mentoring, Product Development, Workshops",Green,The programme aims to help start-ups develop a pitch and minimum viable product (MVP) that have the potential to benefit Transport for Wales Rail and the wider rail industry.,"Applicants must: Be either an entrepreneur or start-up actively working on an idea, or an existing scale-up business Have an idea or an existing product or service that will improve the customer and passenger experience across rail, or which could be pivoted to those purposes",,https://tfwlab.wales/,https://www.linkedin.com/company/20090965,United Kingdom,Newport,Wales,"11 Devon Place
Lab by Transport for Wales
Newport
Wales
NP20 4NW",NP20 4NW,25,,2023-08-01
GCHQ Innovation Co-Lab,https://platform.beauhurst.com/acceleratormanager/e6s46a/accelerator/9mkhjn/,GCHQ,HOST,,,5 months.,"Access to Business Network, Access to Finance, Access to Investor Network, Access to Political Network, Co-working Space, Product Development, Workshops",Green,"The programme aims to develop digital tech businesses with a focus on cyber security, open source and communication based technologies.","The programme requires applicants have: At least 2 employees, however solo founders are also welcome to apply. Evidence of previous investment and the resources to scale their product during the programme. The ability to commit to a 5 month programme. The programme also prefers applicants are: From a diverse and underrepresented background within the North West of England.",,https://www.hostsalford.com/programmes/the-gchq-innovation-co-lab-2021/,,United Kingdom,Salford,North West,"Blue Tower
MediaCityUK
Salford
M50 2ST",M50 2ST,8,,2020-09-03
The Venture Launchpad,https://platform.beauhurst.com/acceleratormanager/swwfuc/accelerator/vfx2u2/,Carbon13,"arm, Ernst & Young, bp, DLA Piper, Volkswagen Group",,,20 weeks.,"Access to Finance, Access to Investor Network, Access to Network of Experts, Financial Investment, Mentoring, Workshops",Green,This programme is designed for software or deep-tech/science-based companies that are working towards reducing carbon dioxide emissions.,"Companies must meet the following criteria Has two or more founders Registered in the UK or can be Has not raised equity funding, or been diluted by less than 10% Fits the cohort theme Is committed to building a venture with the ambition of reducing emissions",,https://carbonthirteen.com/programmes/venture-launchpad/,,United Kingdom,Cambridge,East of England,"Salisbury House
Station Road
Cambridge",CB1 2LA,20,9,2025-06-06
Energy Launchpad,https://platform.beauhurst.com/acceleratormanager/fturqa/accelerator/g7cnay/,Energy Systems Catapult,Innovate UK (IUK),,,,"Access to Business Network, Access to Finance, Business Advice, Invitation to Exclusive Events, Marketing support, Workshops",Green,The programme supports businesses to commercialise their clean energy products and services.,,0121 203 3700,https://es.catapult.org.uk/tools-and-labs/energy-launchpad/,,United Kingdom,Birmingham,West Midlands,"7th Floor, Cannon House
Priory Queensway
Birmingham",B4 6BS,18,,
East Midlands Digital Health Accelerator,https://platform.beauhurst.com/acceleratormanager/c5ahzc/accelerator/mthwe6/,East Midlands Academic Health Science Network,NHS,,,12 months.,"Access to Alumni Network, Access to Business Network, Access to Investor Network, Access to Network of Experts, Educational Support, Mentoring, Workshops",Green,The programme aims to speed up the adoption of healthcare technology in the East Midlands NHS. ,,,https://healthinnovation-em.org.uk/our-work/innovator-hub/grow-digital-health,https://www.linkedin.com/company/3566153,United Kingdom,Nottingham,East Midlands,"East Midlands Academic Health Science Network
C Floor, Institute of Mental Health
University of Nottingham Innovation Park
Triumph Road
Nottingham",NG7 2TU,13,,2024-02-19
Durham City Incubator,https://platform.beauhurst.com/acceleratormanager/jyj8zg/accelerator/espxp4/,Durham University,"Northern Powerhouse, European Regional Development Fund",Northstar Ventures,2022-05-06,6 months.,"Access to Business Network, Access to Finance, Access to Investor Network, Access to Network of Experts, Co-working Space, Financial Investment, Marketing support, Mentoring, Office Space",Green,The programme aims to support startups that want to scale their businesses.,Applicants must have been trading for less than twelve months with a preference for university graduates from Durham University and New College Durham.,03000 269223,https://dcincubator.co.uk/,,United Kingdom,County Durham,North East,"Salvus House
Aykley Heads
Durham",DH1 5TS,17,4,2021-09-01
University of Edinburgh AI Accelerator,https://platform.beauhurst.com/acceleratormanager/ghci8h/accelerator/t33rgf/,Bayes Centre DDE Innovation,,Edinburgh Innovations,,6 months.,"Access to Business Network, Access to Customer Network, Access to Finance, Access to Investor Network, Access to Network of Experts, Co-working Space, Mentoring, Stipend, Workshops",Green,"The programme aims to support scaleup companies using AI to bring about transformative change, with a focus on the climate, health & social benefit. This programme was previously sponsored by Huawei and Scale Space.","Applicants must be: An incorporated company with dedicated founders Able to attend sessions in person Fit into one of the three key areas; climate, health and social benefit Additionally applicants would ideally be: Post-revenue, however pre-revenue companies may be selected if they demonstrate growth potential",,https://edinburghdde.com/dde-programmes/ai-accelerator-2,,United Kingdom,City of Edinburgh,East of Scotland,"47 Potterrow
Edinburgh
EH8 9BT",EH8 9BT,70,,2025-09-18
Propel@YH,https://platform.beauhurst.com/acceleratormanager/abgr8k/accelerator/3rrcqg/,Yorkshire & Humber Academic Health Science Network,"Leeds City Council, Nexus Leeds, West Yorkshire and Harrogate Health & Care Partnership, Hill Dickinson, Barclays Eagle Labs",,,6 months.,"Access to Business Network, Access to Investor Network, Access to Network of Experts, Business Advice, Co-working Space, Educational Support, Invitation to Exclusive Events, Legal Services, Marketing support, Workshops",Green,The programme aims to accelerate the growth of SMEs developing digital health innovations and technology.,"Applicants must: Be an SME with less than 250 employees and turnover not exceeding €50m turnover. Balance sheet not exceeding €43m. Suitability for use worldwide. Have a presence, or a strong commitment to do so, within the Yorkshire & Humber region, through location or at least one full-time employee. Available for key dates during accelerator.",,https://www.propel-yh.com/,https://www.linkedin.com/company/18964409,United Kingdom,Leeds,Yorkshire and The Humber,"Nexus
Discovery Way
University of Leeds
Leeds
LS2 3AA",LS2 3AA,44,,2024-09-26
The Northern Max Accelerator,https://platform.beauhurst.com/acceleratormanager/bnd8gw/accelerator/jnvdas/,10x10,"City of Bradford Metropolitan District Council, Ad:Venture",European Regional Development Fund,,10 weeks.,"Access to Investor Network, Business Advice, Business Education, Mentoring, Workshops",Green,"The programme aims to develop digital & technology businesses, & the wider technology sector, within Bradford & Leeds.",Applicants must: Be based in the Leeds City Region. Been trading for less than 3 years. Match the ERDF Eligibility criteria for being a digital & technology businesses.,01522 837269,https://10by10.co.uk/northern-max-business-accelerator/,,United Kingdom,Lincoln,East Midlands,"Ropewalk
Lincoln
LN6 7DQ",LN6 7DQ,,,
Sunderland Our Smart City IoT and 5G,https://platform.beauhurst.com/acceleratormanager/pcthgz/accelerator/7z49u3/,Sunderland Software City,"bai communications, The City of Sunderland Council",,2022-08-15,6 weeks.,"Access to Business Network, Access to Finance, Access to Network of Experts, Mentoring, Product Development, Workshops",Green,The programme is for startups operating in the 5G and Internet of Things space.,,,https://www.sunderlandiotaccelerator.com/,,United Kingdom,Sunderland,North East,"Sunderland Software Centre
Tavistock Place 
Sunderland",SR1 1PB,9,,2022-10-03
Creative Futures Incubator,https://platform.beauhurst.com/acceleratormanager/6xwhup/accelerator/4xiixh/,University of Warwick,"1 Mill Street, Warwickshire County Council, BT",,2022-09-05,6 months.,"Access to Alumni Network, Access to Business Network, Access to Network of Experts, Business Advice, Co-working Space, Invitation to Exclusive Events, Mentoring",Green,The programme is for founders and SMEs who want to start or build a creative business in the West Midlands and who think they would benefit from being part of the Leamington Spa creative cluster.,Applicants must meet the following criteria: Graduates or founders of an early stage company or an SME - not current students An individual or a team of five or fewer co-founders Primarily based in the West Midlands while on the programme A business that is both creative and digital,,https://warwickinnovationdistrict.com/creative-futures-incubator-application/,,United Kingdom,Coventry,West Midlands,"Warwick Innovation District
University of Warwick
Junction Building
6 University Rd
Coventry
CV4 7EQ",CV4 7EQ,6,,2023-10-05
Venture Builder Incubator,https://platform.beauhurst.com/acceleratormanager/y6a64b/accelerator/pwq59b/,Bayes Centre,"Cancer Research Horizons, University of Edinburgh, Techscaler",Venture Builder Incubator,2026-07-20,5 months.,"Access to Alumni Network, Access to Business Network, Access to Finance, Access to Investor Network, Access to Network of Experts, Business Education, Financial Investment, Invitation to Exclusive Events, Mentoring, Workshops",Green,The programme is for founders and startup companies who aim to commercialise their data-driven idea or deep-tech research to start and grow their business. This programme rebranded from Data-Driven Entrepreneurship Venture Builder Incubator (DDE) to Venture Builder Incubator in 2025.,Applicants must meet the following criteria: Be a postgraduate student or academic staff member from a Scottish University.  Be developing  deep tech or data-driven solutions to address real-world challenges.,,https://www.hub.bayes.ed.ac.uk/programmes/vbi,,United Kingdom,City of Edinburgh,East of Scotland,"47 Potterrow
Edinburgh
EH8 9BT",EH8 9BT,28,,2024-11-07
Converge,https://platform.beauhurst.com/acceleratormanager/zvsr6f/accelerator/2bb8zk/,Converge,SSE PLC,,,1-6 months.,"Access to Alumni Network, Access to Business Network, Access to Finance, Access to Investor Network, Access to Network of Experts, Business Education, Invitation to Exclusive Events, Mentoring, Workshops",Green,"The programme is for early-stage companies who want to commercialise their product, and operates a number of challenges for companies within different sectors: Converge Challenge, for companies developing innovative IP Net Zero Challenge, for companies developing sustainable technologies Create Change Challenge, for sustainable businesses in creative and cultural sectors KickStart Challenge, for early-stage businesses that are beginning commercialisation Performing Arts & Production Challenge, for companies in the performing arts sectors","Applicants must: Have a clear business plan and demonstrate market demand Have at least one member must be a recent graduate or staff member from a Scottish University Plan to have their headquarters in Scotland If a pre-existing company, have been trading for less than 24 months and have a secured income below £200,000",,https://www.convergechallenge.com/our-challenges/test-and-validate-your-early-stage-business-idea-with-the-converge-kickstart-challenge/,,United Kingdom,City of Edinburgh,East of Scotland,"The GRID at Heriot-Watt University
Boundary Road
Gait 1
Riccarton
Edinburgh
EH14 4AS",EH14 4AS,12,,2025-05-13
Ignite North East Accelerator,https://platform.beauhurst.com/acceleratormanager/5i7ng4/accelerator/x8suip/,Ignite Accelerator,"Innovation SuperNetwork, Digital Catapult, North of Tyne Combined Authority, Tedco Business Support, Northumbria University, The AHSN Network",North of Tyne Combined Authority,,8 weeks.,"Access to Alumni Network, Access to Business Network, Access to Investor Network, Corporate Resources, Invitation to Exclusive Events, Mentoring, Workshops",Green,The programme is designed for technology companies in the North East that are searching for future investment to be able to scale. This programme is not a direct continuation of Ignite's previous accelerator based in the North East.,"Applicant companies must: Have evidence of traction, either being post-revenue or having proven demand for its product Be registered in the North East of England",,https://ignite.io/,,United Kingdom,Newcastle upon Tyne,North East,"5 Carliol Square
Newcastle upon Tyne
NE1 6UF",NE1 6UF,7,,2022-09-06
Ignite North East Pre-Accelerator,https://platform.beauhurst.com/acceleratormanager/5i7ng4/accelerator/svaz4t/,Ignite Accelerator,"Digital Catapult, North of Tyne Combined Authority, The AHSN Network, Innovation SuperNetwork, Northumbria University, Tedco Business Support",North of Tyne Combined Authority,,5 months.,"Access to Business Network, Access to Investor Network, Financial Investment, Mentoring, Office Space, Product Development, Workshops",Green,The programme aims to support the development of early-stage technology companies. This programme is not a direct continuation of Ignite's previous pre-accelerator based in the North East.,Applicants must  be based in the North East of England.,,https://ignite.io/,https://www.linkedin.com/company/2864901,United Kingdom,Newcastle upon Tyne,North East,"5 Carliol Square
Newcastle upon Tyne
NE1 6UF",NE1 6UF,49,16,2024-01-31
NHS Market Access,https://platform.beauhurst.com/acceleratormanager/h73i6b/accelerator/dyuk5a/,TheHill,"Oxford Trust, Oxford Innovation Finance, Barclays Eagle Labs",,,6 months.,"Access to Finance, Access to Investor Network, Access to Network of Experts, Business Advice, Co-working Space, Invitation to Exclusive Events, Marketing support, Mentoring, Office Space, Product Development, Workshops",Green,"The programme aims to develop companies looking to improve the efficiency of services within the NHS, with a focus on benefitting patients.",Applicants must be developing a product or providing a service for the healthcare sector.,,https://www.thehilloxford.org/programmes/nhs-market-access-accelerator/,,United Kingdom,Oxford,South East,"Oxford
Oxfordshire
OX3 9DU",OX3 9DU,2,,2024-06-05
BioAccelerate,https://platform.beauhurst.com/acceleratormanager/mghibm/accelerator/uetzm5/,Nurture Ventures,"Ceredigion County Council, Aberystwyth Innovation and Enterprise Campus",Community Renewal Fund,,12 weeks.,"Access to Finance, Access to Investor Network, Access to Network of Experts, Business Education, Financial Investment, Marketing support, Mentoring",Green,"The programme aims to provide early stage companies in the bioscience, life science, foodtech and healthcare sectors with investor readiness and development of business plans.","Applicants must: Be operating in the bioscience, life science, foodtech and healthcare sectors Be operating in Ceredigion or can provide evidence that they will be operating in Ceredigion by the end of the programme",,https://aberinnovation.com/en/development-hub/bioaccelerate/,,United Kingdom,Ceredigion,Wales,"Aberystwyth Innovation and Enterprise Campus
Gogerddan Campus
Aberystwyth University
Ceredigion
SY23 3EE",SY23 3EE,15,,2022-03-30
Base Camp,https://platform.beauhurst.com/acceleratormanager/aq874y/accelerator/izu889/,Outlier Ventures,,Outlier Ventures,,12 weeks.,"Access to Alumni Network, Access to Business Network, Access to Finance, Access to Investor Network, Access to Network of Experts, Brand Development, Financial Investment, Legal Services, Marketing support, Mentoring, Product Development, Stipend",Green,"The programme aims to develop companies operating within the Web3 and metaverse space, with each Base Camp cohort focusing on a different sector.",Applicants must: Be developing a product or service for Web3 or metaverse.,,https://outlierventures.io/base-camp/#base-camp-header,,United Kingdom,City of London,London,"11 Cursitor Street
London
EC4A 1LL",EC4A 1LL,25,4,2023-05-10
Startup Summer Accelerator,https://platform.beauhurst.com/acceleratormanager/g3xg4v/accelerator/85wbyd/,Edinburgh Innovations,"Santander Universities, Edinburgh Earth Initiative, Mastercard Foundation",Edinburgh Innovations,,12 weeks.,"Access to Finance, Access to Investor Network, Access to Network of Experts, Marketing support, Mentoring, Product Development, Workshops",Green,The programme aims to help students at the University of Edinburgh develop their businesses.,"Applicants must: Have at least one co-founder be a current University of Edinburgh student, or have graduated within the past 2 years. Be able to dedicate 40 hours a week on their business. Show enthusiasm for their business and be able to communicate their business clearly.",07385 397941,https://www.ed.ac.uk/edinburgh-innovations/for-students/programmes/startup-summer-accelerator,,United Kingdom,City of Edinburgh,East of Scotland,"Edinburgh Innovations
1st Floor Murchison House
King’s Buildings
10 Max Born Crescent
Edinburgh
EH9 3BF",EH9 3BF,45,,2025-05-30
Cancer Tech Accelerator,https://platform.beauhurst.com/acceleratormanager/pr2ma3/accelerator/hns57i/,Capital Enterprise,"European Regional Development Fund, UKRI Medical Research Council, Cancer Research Horizons, Roche, Cancer Research UK",Cancer Research UK,,6 months.,"Access to Business Network, Access to Network of Experts, Financial Investment, Mentoring, Product Development, Stipend",Green,"The programme is for entrepreneurs with concepts that can contribute to the fields of early detection, diagnosis, monitoring and treatment of cancer. This programme is 'Phase II' of Cancer Tech Accelerator and follows 'Phase I', a 3-month incubator for a larger number of entrepreneurs, of which some participants will be selected to progress to the Phase II accelerator.","Applicants must: Have completed the Phase I incubator programme and been selected to progress in the accelerator Be working on a concept that uses any sort of imaging, analysis, medical device, machine learning etc to advance the detection, diagnosis, monitoring, management and treatment of cancer Be within a team that has at least some participants based at an academic institution If an existing company, have raised less than £200k and be in partnership with an academic group",,https://www.cancertechaccelerator.co.uk/,https://www.linkedin.com/company/72126571,United Kingdom,Islington,London,"Capital Enterprise (UK) Ltd
69 Wilson Street
London
EC2A 2BB",EC2A 2BB,16,,2025-08-28
Barclays Eagle Labs Funding Readiness Programme,https://platform.beauhurst.com/acceleratormanager/pr2ma3/accelerator/v2dih6/,Capital Enterprise,Barclays,,,8 weeks.,"Access to Alumni Network, Access to Investor Network, Access to Network of Experts, Mentoring, Workshops",Green,The programme is for the founders of businesses who are looking to receive investment or to scale up in the near future.,Applicants must be based in the UK.,07531406795,https://labs.uk.barclays/what-we-offer/our-programmes/eagle-labs-funding-readiness-programme/,,United Kingdom,Islington,London,"Capital Enterprise (UK) Ltd
69 Wilson Street
London
EC2A 2BB",EC2A 2BB,10,,2025-04-10
Unrest,https://platform.beauhurst.com/acceleratormanager/bensas/accelerator/9y4pkm/,Unrest,"Uncommon Creative Studio, B Corp, TEAM SY, Animas, Joelson, Addition",Republic Europe (formerly Seedrs),,16 weeks.,"Access to Finance, Access to Investor Network, Access to Network of Experts, Brand Development, Business Advice, Business Education, Financial Investment, Marketing support, Mentoring, Office Space, Workshops",Green,The programme aims to help consumer facing businesses scale their products.,Applicants must: Be based within the UK. Be a consumer facing business. Have launched an MVP within the last or in the upcoming 6 months. Have an alignment with one of the UN Sustainable Development Goals. Have global ambitions.,,https://www.unrest.world/,https://www.linkedin.com/company/65909269,United Kingdom,Lewisham,London,"83 Foxberry Road
London
SE4 2SS",SE4 2SS,16,7,2024-01-26
Lefel Nesaf | Level Up Accelerator,https://platform.beauhurst.com/acceleratormanager/i6mg7r/accelerator/w8vtcf/,M-SParc,"UK Government Wales (Llywodraeth y DU Cymru), Bangor University N Wales",British Business Bank Investments (BBI),,5 months.,"Access to Alumni Network, Access to Finance, Access to Investor Network, Access to Network of Experts, Co-working Space, Mentoring",Green,The programme is for start-ups in the technology and science sectors.,Applicants must: Be based in North Wales Be a high-growth start-up looking to expand and raise investment Be operating in the science and technology sectors,01248 858000,https://m-sparc.com/level-up/,https://www.linkedin.com/company/10205382,United Kingdom,Isle of Anglesey,Wales,"M-SParc
Anglesey
LL60 6AG",LL60 6AG,19,,2023-02-24
Block Dojo,https://platform.beauhurst.com/acceleratormanager/fa677u/accelerator/gvr734/,Block Dojo,"Connectd, Pitchspace, SeedLegals, Globalization Partners",,,12 weeks.,"Access to Finance, Access to Investor Network, Business Education, Co-working Space, Corporate Resources, Educational Support, Financial Investment, Financial Planning, Legal Services, Mentoring, Stipend",Green,The programme is for early-stage tech start-ups that utilise blockchain technology.,,+44 (0) 7969 735 637,https://blockdojo.io/,https://www.linkedin.com/company/74370664,United Kingdom,Hackney,London,"Plexal Park London
The Press Centre
Here East
14 East Bay Lane
London
E20 3BS",E20 3BS,72,71,2025-01-13
Net Zero X,https://platform.beauhurst.com/acceleratormanager/c29mqt/accelerator/mkiaw2/,Tech Nation,PwC,,,6 months.,"Access to Alumni Network, Access to Business Network, Access to Investor Network, Access to Network of Experts, Mentoring",Green,The programme is for later-stage climate tech start-ups that are aiming to scale rapidly.,"Applicants must be: Within the climate tech sectors, including transport, agriculture, energy, construction, carbon removal, etc, and be directly or indirectly contributing to greenhouse gas emission reduction A recipient of grant funding or investment between Series A and pre-IPO Headquartered in the UK",,https://technation.io/programmes/net-zero-x/,,United Kingdom,Hackney,London,"Tech Nation
20-22 Wenlock Road,
London,
N1 7GU",N1 7GU,19,,2022-10-04
Creative Enterprise: Evolve,https://platform.beauhurst.com/acceleratormanager/99aes4/accelerator/tw5dtr/,Creative England,"The National Lottery, British Film Institute",,,9 months.,"Access to Investor Network, Access to Network of Experts, Mentoring, Workshops",Green,"The programme is for screen-based and technology companies operating in the theatre, film, visual effects, video games and animation sectors.","Applicants should: be based within England outside of London, which the programme defines as being based outside of the M25 contact Creative Enterprise by email if based in Wales, Scotland or Northern Ireland, to request one of the limited devolved administration seats have a business proposal that contains moving image for storytelling as a major component",,https://www.wearecreative.uk/support/creative-enterprise/investment/evolve/,,United Kingdom,Salford,North West,"Tomorrow Building
130 Broadway
2nd Floor /Suite 7
MediaCity",M50 2UW,33,,2022-10-05
Barclays Black Founder Accelerator,https://platform.beauhurst.com/acceleratormanager/ci4mhd/accelerator/ufhd6p/,Barclays Eagle Labs,Foundervine,,,12 weeks.,"Access to Business Network, Access to Investor Network, Access to Network of Experts, Mentoring, Workshops",Green,The programme is to support and grow black-owned businesses.,Applicant companies must meet the following criteria: At least 1 founder (or C-suite) identifies as Black or of Black heritage Expertise in your industry Attend all the sessions over the 12 week period Product/service that uses technology to operate or deliver the value proposition Ready to scale  Be at the seed stage or beyond Previously received investment Launching your MVP A UK registered business,,https://labs.uk.barclays/what-we-offer/our-programmes/barclays-black-founder-accelerator/,,United Kingdom,Tower Hamlets,London,,,134,,2025-07-01
DigitalHealth.London Launchpad,https://platform.beauhurst.com/acceleratormanager/ccc5tp/accelerator/cmec9t/,DigitalHealth.London,,,,3 months.,"Access to Network of Experts, Mentoring, Workshops",Green,The programme is aimed at early stage digital health companies.,Applicant companies must meet the following criteria: Have a product or service in development or ready to launch. Based in London Have a high potential to meet the current challenges facing the NHS,,https://digitalhealth.london/programmes/launchpad,,United Kingdom,Southwark,London,"Minerva House
5 Montague Close",SE1 9BB,39,,2025-08-20
Sustainable Accelerator,https://platform.beauhurst.com/acceleratormanager/jngcti/accelerator/rd3azc/,Sustainable Accelerator,,Sustainable Ventures,,12 months.,"Access to Finance, Brand Development, Financial Investment, Legal Services, Mentoring, Workshops",Green,The programme is for startups that address issues surrounding climate change and resource scarcity.,"Applicants must have: Clear sustainability impact Distinctive IP and a minimum viable product At least two entrepreneurs High growth potential and an innovative business model A clear exit strategy, SEIS or EIS advance assurance, and have reached their first or second professional funding round.",,https://www.sustainableventures.co.uk/accelerator,,United Kingdom,Lambeth,London,"County Hall
3rd Floor
Westminster Bridge Road, 
London
SE1 7PB",SE1 7PB,1,1,
Fintech Foundation Incubator,https://platform.beauhurst.com/acceleratormanager/n457p4/accelerator/5sykhn/,Integrated Finance,,,2022-12-15,12 weeks.,"Access to Business Network, Access to Investor Network, Access to Network of Experts, Corporate Resources, Mentoring, Technical Expertise, Workshops",Green,The programme support early-stage FinTech companies.,Applicant companies must meet the following criteria: Must be pre-launch with little to no funding Must be based in the UK or in the European Economic Area.,,https://incubator.integrated.finance/?utm_campaign=2022-Q4-Incubator&utm_source=pr,,United Kingdom,City of London,London,,,,,
Geovation Scotland,https://platform.beauhurst.com/acceleratormanager/9ieiww/accelerator/47n8wm/,Geovation Scotland,Registers of Scotland,Geovation Scotland,,9 months.,"Business Advice, Business Education, Corporate Resources, Financial Investment, Invitation to Exclusive Events, Marketing support, Mentoring, Office Space, Product Development, Technical Expertise, Workshops",Green,The programme aims to develop early stage PropTech and GeoTech startup companies based in Scotland.,Applicants must: Be based in Scotland Have an idea relevant to either the property or geospatial industries,,https://geovation.uk/scotland/,https://www.linkedin.com/company/102668306,United Kingdom,City of Edinburgh,East of Scotland,"Meadowbank House
153 London Road
Edinburgh
EH8 7AU",EH8 7AU,31,,2025-07-01
Climate Innovation Platform,https://platform.beauhurst.com/acceleratormanager/zzi725/accelerator/kf75sf/,Birmingham Energy Institute,"HSBC, Energy Systems Catapult",European Regional Development Fund,,6 months.,"Access to Finance, Access to Network of Experts, Mentoring, Workshops",Green,The programme supports early stage businesses in the energy sector working towards achieving Net Zero targets.  ,,,https://www.birmingham.ac.uk/research/energy/climate-innovation-platform.aspx,,United Kingdom,Birmingham,West Midlands,"Edgbaston
Birmingham",B15 2TT,45,,2024-02-27
Generate Accelerator Programme (GAP),https://platform.beauhurst.com/acceleratormanager/3vjwxy/accelerator/66pp29/,London School of Economics (LSE),,,,12 weeks.,"Access to Alumni Network, Access to Network of Experts, Co-working Space, Financial Investment, Mentoring",Green,"The programme aims to help early-stage companies, co-founded by LSE students, staff and alumni, to achieve one or more of the United Nations Sustainable Development Goals (UNSDGs).","Applicants must: Have at least one founding member who is a staff member, student or alumnus of London School of Economics Be able to attend in-person event at LSE campus, depending on Covid-19 restrictions Have a commercially viable business proposition and a validated need through customer resarch Be able to show how their proposition aligns with at least one of the United Nations Sustainable Development Goals (UNSDGs)",,https://info.lse.ac.uk/staff/divisions/research-and-innovation/generate/lse-acceleration,https://www.linkedin.com/company/28550344,United Kingdom,Westminster,London,"London School of Economics and Political Science
Houghton Street
London
WC2A 2AE",WC2A 2AE,41,,2024-04-12
Filecoin Base Camp,https://platform.beauhurst.com/acceleratormanager/aq874y/accelerator/243ivd/,Outlier Ventures,Protocol Labs,Outlier Ventures,,3 months.,"Access to Investor Network, Access to Network of Experts, Business Advice, Financial Investment, Investment Assistance, Legal Services, Mentoring, Product Development, Workshops",Green,"The accelerator aims to develop companies operating in the web3 sector, specialising in the decentralised cryptocurrency Filecoin.",Applicants must be operating within the web3 sector.,,https://outlierventures.io/filecoin-base-camp/,,United Kingdom,City of London,London,"11 Cursitor Street
London
EC4A 1LL",EC4A 1LL,7,7,2022-06-07
Amazon Sustainability Accelerator - Consumer Product Programme,https://platform.beauhurst.com/acceleratormanager/v7aexv/accelerator/pie7d7/,Amazon,Climate-KIC,Amazon,,10 weeks.,"Access to Business Network, Access to Finance, Access to Network of Experts, Business Advice, Financial Investment, Invitation to Exclusive Events, Mentoring, Workshops",Green,The programme aims to support companies developing sustainable consumer products within the retail industry.,Applicants must meet the following criteria: Be an early-stage start-up that is either a pre-GTM or less than 2 years old Developing a product that aims to help customers shop more sustainably,,https://sell.amazon.co.uk/programmes/sustainability-accelerator,,United Kingdom,City of London,London,"60 Holborn Viaduct
London
EC1A 2FD",EC1A 2FD,17,,2025-04-28
Strathclyde Inspire Accelerator,https://platform.beauhurst.com/acceleratormanager/4xrtc3/accelerator/b9htmi/,University of Strathclyde,,,,18 months.,"Access to Alumni Network, Access to Business Network, Access to Finance, Access to Investor Network, Access to Network of Experts, Co-working Space, Mentoring, Office Space, Workshops",Green,The accelerator aims to support the growth of innovative companies based in Scotland,,,http://strath.ac.uk/workwithus/strathclydeinspire/launch/,,United Kingdom,Glasgow City,West of Scotland,"16 Richmond St
Glasgow",G1 1XQ,1,1,2022-12-21
UK Space Agency Accelerator,https://platform.beauhurst.com/acceleratormanager/e8iy2u/accelerator/dpga8z/,UK Space Agency,"Exotopic, Entrepreneurial Spark",UK Space Agency,,9 weeks - 6 months.,"Access to Business Network, Access to Finance, Access to Network of Experts, Business Advice, Mentoring, Workshops",Green,The UK Space Agency Accelerator supports businesses to expand and grow in the space sector.,"The programme operates three branches with specific criteria: Explore, lasting nine weeks, for applicants looking to join the space sector; Leo, lasting six months, for applicants with proof of concept and some space sector experience; Geo, lasting six months, for applicants with some market traction and around £500k in funding already raised.",,https://www.ukspaceaccelerator.co.uk/,,United Kingdom,Swindon,South West,"Polaris House
N Star Ave
Swindon
SN2 1SZ",SN2 1SZ,319,,2025-11-10
P4SY,https://platform.beauhurst.com/acceleratormanager/pr2ma3/accelerator/zvir6c/,Capital Enterprise,Barnsley Metropolitan Borough Council,European Regional Development Fund,,3 months.,"Access to Alumni Network, Access to Business Network, Access to Customer Network, Invitation to Exclusive Events, Mentoring, Workshops",Green,"The programme aims to support companies working in precision medicine that are based in South Yorkshire, as a sister programme to P4 Precision Medicine.","Applicant companies should: Be registered, based or trading in South Yorkshire at the time of accepting a place on the programme Be a start-up or SME operating in the precision medicine sector Have fewer than 250 employees Have an annual turnover below €50m and a balance sheet below €43m Not be a subsidiary or have more than 25% of shares owned by a larger SME.",,https://www.p4precisionmedicine.co.uk/p4sy/,,United Kingdom,Islington,London,"IDEALondon,
69 Wilson Street,
London
EC2A 2BB",EC2A 2BB,15,,2022-11-30
WE Innovate,https://platform.beauhurst.com/acceleratormanager/gnjpsv/accelerator/s22ynt/,Imperial College London,bp,,,6 months.,"Financial Investment, Invitation to Exclusive Events, Workshops",Green,The programme is for women-led startups that are exploring innovative ideas. The programme consists of three phases across six months. Phase One accepts 25 applicants and lasts for ten weeks; Phase Two selects ten of those applicants and lasts for six weeks; Phase Three selects five of those applicants to complete the programme.,"Applicants must: Have a team lead who identifies as a woman Have a team lead who is a current or recent (within the last three years) undergraduate, postgraduate or Early Career Researcher at Imperial College London Not be a previous participant of WE Innovate or of the Althea-Imperial Programme",,https://www.imperialenterpriselab.com/we-innovate/,https://www.linkedin.com/company/40691286,United Kingdom,Westminster,London,"Imperial College London
South Kensington
London
SW7 2AZ",SW7 2AZ,44,,2025-01-30
TechX Clean Energy Accelerator,https://platform.beauhurst.com/acceleratormanager/sfgbwt/accelerator/6hdj4u/,Net Zero Technology Centre,"BP Ventures, Accenture, ADNOC, Equinor",Net Zero Technology Centre,,18 weeks.,"Access to Business Network, Access to Customer Network, Access to Finance, Access to Investor Network, Access to Network of Experts, Brand Development, Business Advice, Co-working Space, Financial Investment, Legal Services, Product Development",Green,"The programme aims to develop clean energy start-ups, focusing on next generation net zero technologies.",Applicants must: Must be developing Clean Energy Technology identified through one of the technology focus areas listed here . Be at technology readiness level between 2 to 6. Be able to attend 3 weeks in-person in Aberdeen as well as working to GMT time zone. Have full availability for 15 weeks. Must not be attending other accelerator programmes. Adhere to UK requirements by incorporating a UK company before the programme starts.,01224 063200,https://www.netzerotc.com/disruptive-innovation/tech-x-clean-energy-accelerator/,,United Kingdom,Aberdeen City,Aberdeen,"20 Queens Road
Aberdeen
Scotland
AB15 4ZT",AB15 4ZT,69,,2026-03-18
DIF Accelerator Challenge​,https://platform.beauhurst.com/acceleratormanager/jjwgkq/accelerator/2w4nik/,Allia Serious Impact,,DIF Capital Partners,,6 months.,"Access to Business Network, Access to Investor Network, Business Advice, Financial Investment, Mentoring",Green,The programme is for companies that aim to address global and local sustainability challenges.,Applicants can be either a for-profit company or a not-for-profit social enterprise.,,https://futurebusinesscentre.co.uk/programmes/dif-accelerator-challenge/,,United Kingdom,Cambridge,East of England,"Allia Future Business Centres Ltd
King’s Hedges Road
Cambridge
CB4 2HY",CB4 2HY,7,,2024-05-31
Maritime Accelerator,https://platform.beauhurst.com/acceleratormanager/xa3z6j/accelerator/pbv25b/,Connected Places Catapult,,,,5 months.,"Access to Business Network, Access to Customer Network, Access to Finance, Mentoring, Technical Expertise, Workshops",Green,The programme is for companies developing innovative solutions and technology that can be applied to the maritime sectors.,Applicants must meet the following criteria: Be an SME registered in the UK Be operating in the maritime sector or looking to bring a solution into the maritime sector from another sector Be developing a solution which is at technological readiness levels (TRLs) 5-8 Be developing a solution that addresses the programme challenges Be willing to travel on occasion for face-to-face meetings,,https://cp.catapult.org.uk/opportunity/maritime-accelerator-2024-25/,,United Kingdom,Islington,London,"The Urban Innovation Centre
One Sekforde Street
London
EC1R 0BE",EC1R 0BE,21,,2025-09-17
The Good Food Programme,https://platform.beauhurst.com/acceleratormanager/vdg43h/accelerator/bkrhre/,Mission Ventures,Impact on Urban Health,,,3 months.,"Access to Business Network, Access to Finance, Access to Network of Experts, Brand Development, Marketing support, Mentoring",Green,The programme supports healthy food and drink brands. The programme is the successor of the Good Food Fund programme .,Applicant companies must meet the following criteria: Must participate in the 3-month programme and 18 months of further business support Registered in the UK or Europe Have immediate plans to launch their product in the UK market Food and drink products or technologies (excluding alcohol) New products that are healthier than existing options or solutions that can help make existing products healthier for families and children. A focus on affordability The programme is particularly interested in funders from underrepresented backgrounds.,,https://www.missionventures.co.uk/goodfood,,United Kingdom,City of London,London,"Holborn Viaduct
London
EC1A 2BN",EC1A 2BN,4,,2023-08-30
Digital Security Hub (DiSH) Accelerator,https://platform.beauhurst.com/acceleratormanager/eyfvwa/accelerator/yuu3aj/,Plexal,"Manchester City Council, Barclays Eagle Labs, University of Manchester",,,3 months.,"Access to Business Network, Access to Investor Network, Access to Network of Experts, Business Advice, Co-working Space, Invitation to Exclusive Events, Mentoring, Workshops",Green,The programme aims to develop digital security companies,"Applicants must: Be based in or looking to relocate to Greater Manchester Operate within the digital or cyber security sector Be able to attend the programme in person, up to 2 days per week",,https://labs.uk.barclays/dish/,,United Kingdom,Manchester,North West,"Heron House,
1 Lincoln Square,
Manchester,
M2 5LN",M2 5LN,12,,2024-01-29
The Technology Accelerator Fund (TAF),https://platform.beauhurst.com/acceleratormanager/ykctwd/accelerator/4ewmqh/,Cranfield University,,Green Future Investments Limited (GFIL),,5 months.,"Access to Network of Experts, Business Education, Financial Investment, Marketing support, Office Space, Product Development, Technical Expertise",Green,The programme aims to provide technical and business support to projects developing technology that addresses climate challenges or reduces human impact on the natural environment.,"Applicants must: Be developing an innovative product that makes a meaningful contribution to society's response to the climate emergency or that reduces human impact on the environment Be developing a technology that is innovative, original and has the potential for scale Have a product or technology that is at TRL (Technology Readiness Level) 4-5 Be able to describe the market and end user, and have a project plan to address key challenges Be an SME, start-up, early-stage business, sole trader, or individual entrepreneur",,https://www.cranfield.ac.uk/about/green-future-investment-fund/gfil-funds-overview,,United Kingdom,Central Bedfordshire,East of England,"College Road
Cranfield
MK43 0AL",MK43 0AL,7,3,2024-04-16
Distill Ventures Pre-Accelerator,https://platform.beauhurst.com/acceleratormanager/d53tyx/accelerator/kxa6jw/,Distill Ventures,,Distill Ventures Pre-Accelerator,2023-06-30,9-12 months.,"Brand Development, Financial Investment, Marketing support, Mentoring, Product Development",Green,"The programme aims to provide mentorship and financial support to drinks ventures founded by under-represented communities. Funding is provided from the Distill Ventures Pre-Accelerator fund, which invests via SAFE (Simple Agreement for Future Equity), which converts the fund's initial investment into equity at the next investment round.","Applicants must: Be a spirits or non-alcoholic drinks brand Have a founding team of people from under-represented communities, including women, LGBTQ+ and people of colour Have a product that is already on sale or ready to be commercialised",,https://distillventures.com/pre-accelerator,https://www.linkedin.com/company/3317507,United Kingdom,Westminster,London,"22 Newman Street
London
England
W1T 1PH",W1T 1PH,1,,2023-04-28
CAM Scale-Up Programme,https://platform.beauhurst.com/acceleratormanager/rysby8/accelerator/7nbfp3/,Plug and Play Tech Centre,Zenzic,Centre for Connected and Autonomous Vehicles (CCAV),2023-05-31,8 months.,"Access to Business Network, Access to Finance, Access to Network of Experts, Financial Investment, Product Development, Technical Expertise",Green,The programme aims to help self-driving or connected and autonomous vehicle SMEs test and develop their products.,Applicants must: Have a base in the UK Be an SME Have a product related to connected and autonomous vehicles that requires testing and development,,https://zenzic.io/innovation/cam-scale-up/,,United Kingdom,Islington,London,"RocketSpace
40 Islington High Street
London
N1 8EQ",N1 8EQ,17,,2022-10-07
Silicon Gorge,https://platform.beauhurst.com/acceleratormanager/5tzwf4/accelerator/5rjsgq/,Investment Activator Programme (IAP),,,,10 days.,"Access to Business Network, Access to Finance, Access to Investor Network, Access to Network of Experts, Marketing support, Workshops",Green,The programme is for South West and South Wales based startups looking to scale their business and receive equity investment. It gives companies the opportunity to pitch to a group of investors.,Applicants must meet the following criteria: Be based in the South West of England or South Wales Be looking for equity investment between £100k and £2m,,https://invest-southwest.com/founders/raise-investment/#1612894534983-4abcb96f-e62e,,United Kingdom,"Bristol, City of",South West,"Station Approach
Redcliffe
Bristol",BS1 6QH,34,,2023-05-09
The Circulars Accelerator,https://platform.beauhurst.com/acceleratormanager/wjipgs/accelerator/35tgxg/,Accenture,"Anglo American, Ecolab",,,6 months.,"Access to Business Network, Access to Investor Network, Business Advice, Business Education, Invitation to Exclusive Events, Mentoring, Workshops",Green,The programme is for applicants that are developing innovations that will contribute to a more circular economy.,"Applicants must meet the following criteria: Have a submission that is scaleable, innovative, and creates commercial, social and environmental value Have a submission that focuses on one of: Innovating Products & Production, Transforming Consumption, and Recovering Value",,https://thecirculars.org/,https://www.linkedin.com/company/10906216,United Kingdom,City of London,London,"30 Fenchurch Street
London
EC3M 3BD",EC3M 3BD,4,,2023-03-22
Grow London Global,https://platform.beauhurst.com/acceleratormanager/iwncrj/accelerator/jzq4es/,London & Partners,,,,12 months.,"Access to Business Network, Access to Investor Network, Business Advice, Invitation to Exclusive Events, Workshops",Green,The programme supports London-based businesses to scale up and expand internationally.,"Applicant must meet the following criteria: Be a London-based, UK-registered company Have a desire to expand internationally Have an annual turnover greater than £1m and less than £40m. Or have previously secured £1m of equity investment Currently be employing between 10 and 250 people (including founders) Companies must also meet one of the following sector requirements: Fintech and cyber Enterprise technologies Creative industries Life sciences Sustainability",,https://www.grow.london/global,,United Kingdom,Southwark,London,"169 Union Street
London",SE1 0LL,278,,2025-02-28
Imperial Enterprise Lab Summer Accelerator,https://platform.beauhurst.com/acceleratormanager/gnjpsv/accelerator/ekaghy/,Imperial College London,,Imperial College London,,12 weeks.,"Access to Alumni Network, Access to Business Network, Access to Finance, Access to Investor Network, Access to Network of Experts, Business Education, Financial Investment, Mentoring, Workshops",Green,The programme is for current students and recent alumni of Imperial College London with business ideas requiring further commercial development.,"Applicant teams must: Have a team lead who is a current student of Imperial College London, or an alumni who graduated no earlier than 2020 Include at least one current student or alumni from Imperial College Business School specifically, who graduated no earlier than 2020 Consist of between two and five individuals Have received no more than £100,000 in funding previously Have made clear and demonstrable progress towards customer discovery, proof of concept and prototype stage",,https://www.imperialenterpriselab.com/summer-accelerator/,,United Kingdom,Westminster,London,"Imperial Enterprise Lab
Imperial College London
South Kensington Campus
London",SW7 2AZ,15,,2025-06-12
HS2 Accelerator,https://platform.beauhurst.com/acceleratormanager/xa3z6j/accelerator/wyqqbf/,Connected Places Catapult,,,,5 months.,"Access to Business Network, Access to Finance, Business Advice, Financial Investment, Mentoring, Office Space, Product Development, Technical Expertise, Workshops",Green,The programme aims to support businesses developing digital solutions for the development of the rail scheme HS2.,Applicants must meet the following criteria: Be an SME Be based in the UK and able to attend in-person activities and events Be developing a solution which is at technology readiness levels (TRLs) 5-8 Be developing a technology addressing the programme challenges,,https://cp.catapult.org.uk/opportunity/hs2-accelerator/,,United Kingdom,Islington,London,"The Urban Innovation Centre
One Sekforde Street
London
EC1R 0BE",EC1R 0BE,28,,2025-01-10
Regional Talent Engines,https://platform.beauhurst.com/acceleratormanager/hgy37j/accelerator/g2t6w4/,Royal Academy of Engineering,,,,6 months.,"Access to Alumni Network, Access to Business Network, Access to Network of Experts, Co-working Space, Financial Investment, Invitation to Exclusive Events, Mentoring, Workshops",Green,"Regional Talent Engines is a six-month pre-accelerator programme for early-stage founders in Northern England, Northern Ireland and Wales to transform ideas into new engineering startups.","Applicants must meet the following criteria: Applicants must be an experienced engineer or tech professional with at least 5 years’ experience, and intending to establish their startup in one of the stated geographies Be ambitious and passionate Be able to demonstrate creativity and problem solving skills Have the right to live and work in the UK Have an innovative and scalable solution to an identified problem or market need Have identified a practical application and formulated a concept for your innovation",,https://enterprisehub.raeng.org.uk/regional-talent-engines,,United Kingdom,Westminster,London,"Royal Academy of Engineering
Prince Philip House
3 Carlton House Terrace
London",SW1Y 5DG,70,,2023-06-05
Eastern Daily Press Future 50,https://platform.beauhurst.com/acceleratormanager/ci4mhd/accelerator/q52h27/,Barclays Eagle Labs,"Turning Factor, Birketts, Archant, Lovewell Blake, Foresight Group",,,12 months.,"Access to Alumni Network, Business Advice, Financial Planning, Media Exposure",Green,The programme is for innovative companies to access specialist advice and peer support to grow.,The programme is for companies based in East Anglia.,,https://www.edp24.co.uk/news/business/future50/,,United Kingdom,Tower Hamlets,London,"1 Churchill Place
London
E14 5HP",E14 5HP,269,,2017-10-31
Sequoia Arc,https://platform.beauhurst.com/acceleratormanager/ubvwm5/accelerator/hz52vi/,Sequoia Capital,,Sequoia Capital,,7 weeks.,"Access to Alumni Network, Access to Customer Network, Business Education, Financial Investment, Marketing support, Mentoring, Product Development",Green,The programme provides company development advice for very early stage companies and founders.,"The programme is for pre-seed and seed-stage founders who are actively working on an idea and company, from concept stage to a minimum viable product.",,https://www.sequoiacap.com/arc/,,United Kingdom,Westminster,London,"1 St Vincent St
London
W1U 4DA",W1U 4DA,8,6,2022-05-23
FoundersBoost UK,https://platform.beauhurst.com/acceleratormanager/x4n25a/accelerator/inmnd9/,FoundersBoost,"F6S, Global Accelerator Network",,,6 weeks.,"Access to Network of Experts, Mentoring, Workshops",Green,The programme aims to support early stage companies launch.,Applicant companies must be pre-seed or seed stage and based in the UK.,,https://www.foundersboost.com/programs/uk,https://www.linkedin.com/company/27135106,United Kingdom,Sunderland,North East,"Tavistock Pl
Hendon
Sunderland",SR1 1PB,8,,2022-10-06
AgriTech Bridge,https://platform.beauhurst.com/acceleratormanager/ci4mhd/accelerator/ru4x7v/,Barclays Eagle Labs,"Barclays, Codebase",Digital Growth Grant,,6 months.,"Access to Business Network, Access to Investor Network, Access to Network of Experts, Mentoring, Workshops",Green,"The programme supports businesses that aim to innovate the agricultural and food supply sectors, working towards a sustainable food chain.",Applicants must be based in the UK.,,https://labs.uk.barclays/what-we-offer/our-programmes/industry-bridge/agritech-bridge/,,United Kingdom,Tower Hamlets,London,"1 Churchill Place
London
E14 5HP",E14 5HP,1,,2023-09-13
Create South East,https://platform.beauhurst.com/acceleratormanager/ysx9kc/accelerator/fedrfz/,Create South East,,,,9 months.,"Access to Business Network, Access to Investor Network, Investment Assistance, Mentoring, Workshops",Green,The programme aims to support businesses in the creative sector to develop and secure investment.,"Applicants must operate in the creative sector, and be based in Kent, Essex or Sussex.",,https://createsoutheast.org.uk/,,United Kingdom,Mid Sussex,South East,"Brackenhurst Selsfield Road
Ardingly
Haywards Heath
United Kingdom
RH17 6TJ",RH17 6TJ,61,,2024-09-01
Angels@Essex Investment Readiness,https://platform.beauhurst.com/acceleratormanager/qchtrq/accelerator/m9cxq3/,Angels@Essex,University of Essex,,,3 months.,"Access to Investor Network, Investment Assistance, Mentoring, Workshops",Green,The programme aims to prepare innovative businesses for investment.,Applicants must be developing an innovation and a prepared pitch deck.,,https://www.essex.ac.uk/business/knowledge-gateway/university-enterprise-zone/angels-at-essex,,United Kingdom,Colchester,East of England,"Boundary Road
Colchester
England 
CO4 3SQ",CO4 3SQ,549,,2024-02-01
Children’s Health Impact Accelerator,https://platform.beauhurst.com/acceleratormanager/pvfm8s/accelerator/nigraq/,Founders Factory,"Humant Group, UKRI Medical Research Council, Thinking of Oscar, Alder Hey Children's Hospital",Innovate UK,,10 weeks.,"Access to Business Network, Access to Network of Experts, Business Advice, Business Education, Investment Assistance, Mentoring, Product Development",Green,The programme aims to develop children-focused health startups.,Applicants must b e operating or developing healthcare products for children.,,https://foundersfactory.com/accelerator/ukri-children-s-health-accelerator/,,United Kingdom,Islington,London,"Unit 220
Business Design Centre
Upper Street
Islington
London
N1 0QH",N1 0QH,9,,2023-08-18
International Growth Asia Pacific,https://platform.beauhurst.com/acceleratormanager/c29mqt/accelerator/9g3jph/,Tech Nation,,,,6 months.,"Access to Customer Network, Access to Network of Experts, Mentoring, Workshops",Green,"This programme is for UK companies that are focusing on international growth into Asia Pacific regions, through trade and investment opportunities. ","Applicants must be looking to expand internationally across areas such as accessing new markets, hiring, or opening new offices. ",,https://technation.io/international/,,United Kingdom,Westminster,London,"6th Floor,
180 Strand,
2 Arundel Street,
London,
WC2R 3DA",WC2R 3DA,1,,2022-06-23
Baltic Ventures Accelerator,https://platform.beauhurst.com/acceleratormanager/8j6jjw/accelerator/8tn36k/,Baltic Ventures,"Liverpool City Region Combined Authority, Slush’D",Baltic Ventures,,4 months.,"Access to Business Network, Access to Investor Network, Access to Network of Experts, Corporate Resources, Financial Investment, Mentoring, Office Space, Workshops",Green,The programme is for tech companies with the potential to make positive change in the world.,Applicants must: Have an early stage product or prototype Be able to attend in-person workshops in Liverpool for the duration of the programme,,https://balticventures.uk/accelerator/,https://www.linkedin.com/company/89234987,United Kingdom,Liverpool,North West,"Studio B, 
Digital House,
44 Simpson Street,
Liverpool
L1 0AX",L1 0AX,15,9,2025-09-09
Intel Ignite,https://platform.beauhurst.com/acceleratormanager/4mm9jz/accelerator/qs7qnb/,Intel,,,,12 weeks.,"Access to Business Network, Access to Investor Network, Corporate Resources, Marketing support, Mentoring, Product Development, Technical Expertise, Workshops",Green,The programme is to support early-stage deep tech startups.,Applicant companies must meet the following criteria: Have secured a minimum of $1m in seed funding Have an experienced founding team Have significant intellectual property Have large market opportunity ,,https://intelignite.com/,https://www.linkedin.com/company/34932554,United Kingdom,Islington,London,"90 York Way
London
N1 9AG",N1 9AG,19,,2024-04-24
AI Forge,https://platform.beauhurst.com/acceleratormanager/qr79dp/accelerator/h366ze/,AI Forge,"Startup Network Europe, CogX, UK Business Angels Association, Edgetech",AI Forge,2023-11-13,12 weeks.,"Access to Business Network, Access to Investor Network, Access to Network of Experts, Corporate Resources, Financial Investment, Financial Planning, Marketing support, Mentoring, Workshops",Green,The programme provides training and support to AI start-up companies.,"Applicants must be creating a company that utilises artificial intelligence, deeptech or machine learning technologies.",,https://www.aiforge.org/,https://www.linkedin.com/company/90648734,United Kingdom,Islington,London,"2nd Floor
1-3 Worship Street
London
EC2A 2AB",EC2A 2AB,14,11,2024-09-02
Scaleup Programme - Plexal,https://platform.beauhurst.com/acceleratormanager/ci4mhd/accelerator/xp6gv5/,Barclays Eagle Labs,,,,6 months.,"Access to Customer Network, Access to Investor Network, Access to Network of Experts, Mentoring",Green,This programme is sector agnostic but aimed at digital companies that have the potential to grow. ,"Applicants must meet the following criteria:  Be UK Headquartered  Have more than 10 employees Have approximately £1m or more in turnover or investment Have 20% growth in turnover and headcount in the past 3 years Provide a digital product or service (including hardware and platforms), or provide a product or service which is reliant on digital technology as the primary revenue source",,https://labs.uk.barclays/what-we-offer/our-programmes/scaleup-plexal/,,United Kingdom,Tower Hamlets,London,"1 Churchill Place
London
E14 5HP",E14 5HP,22,,2023-09-26
The Scale-Up Academy,https://platform.beauhurst.com/acceleratormanager/uqb2nf/accelerator/sa7428/,Eastern AHSN,Triple Chasm Company,,,Six weeks.,"Access to Investor Network, Access to Network of Experts, Business Advice, Mentoring, Workshops",Green,The programme is for healthcare and medical technology companies looking to scale-up by overcoming barriers to commercial success.,Applicants must be able to attend half-day workshops twice a week.,,https://events.eahsn.org/ScaleUpAcademy?lang=en,,United Kingdom,South Cambridgeshire,East of England,"Unit C
Magog Court
Shelford Bottom
Cambridge
CB22 3AD",CB22 3AD,4,,2023-10-31
Re/Wire Health Studio,https://platform.beauhurst.com/acceleratormanager/u4t92j/accelerator/p4f687/,R/GA Venture Studio,Haleon,Haleon NEXT,,3 months.,"Access to Business Network, Access to Network of Experts, Marketing support, Mentoring, Product Development, Technical Expertise",Green,The programme aims to support businesses developing innovations to support everyday health.,Applicants must: be US and/or EMEA-focused focussed be developing  technology in the  digital and biological diagnostics sector that aim to improve public health Be at a pre-seed through Series A stage of funding Have an MVP product or service have the ability and desire to partner with Haleon NEXT,3 months.,https://rewirehealthstudio.com/,https://www.linkedin.com/company/94147409,United Kingdom,Elmbridge,South East,"Building 5
First Floor
The Heights
Weybridge
Surrey
KT13 0NY",KT13 0NY,1,,2021-11-01
SBC Catalyser,https://platform.beauhurst.com/acceleratormanager/n2krb6/accelerator/69y3f9/,Stevenage Bioscience Catalyst,Triple Chasm Company,,,8 weeks.,"Access to Customer Network, Access to Investor Network, Access to Network of Experts, Business Education, Mentoring, Product Development, Technical Expertise, Workshops",Green,This programme is for companies operating in the therapeutics and techbio industries.,"Applicants must meet the following criteria: Developing therapeutic innovations Have a proof of concept and planning to create the first commercially viable product Have integrated digital and data technologies, or are planning to integrate them Have an existing presence in the UK, or planning to establish a presence in the UK Have an ambitious leadership team of at least 2-3 people and can commit to full participation in the programme, including in-person activities",,https://www.stevenagecatalyst.com/accelerate/programme/,,United Kingdom,Stevenage,East of England,"Gunnels Wood Road
Stevenage
Hertfordshire
SG1 2FX",SG1 2FX,18,,2024-03-12
Care and HealthTech Bridge,https://platform.beauhurst.com/acceleratormanager/ci4mhd/accelerator/2izm7d/,Barclays Eagle Labs,"Barclays, Codebase",Digital Growth Grant,,6 months.,"Access to Business Network, Access to Investor Network, Access to Network of Experts, Mentoring, Workshops",Green,The programme supports businesses operating in the healthy ageing and care space.,Applicants must be based in the UK.,,https://labs.uk.barclays/what-we-offer/our-programmes/industry-bridge/care-and-healthtech-bridge/,,United Kingdom,Tower Hamlets,London,"1 Churchill Place
London",E14 5HP,36,,2024-06-30
EnergyTech Bridge,https://platform.beauhurst.com/acceleratormanager/ci4mhd/accelerator/4fcn3m/,Barclays Eagle Labs,"Codebase, Opportunity North East",,,12 months.,"Access to Business Network, Access to Network of Experts, Invitation to Exclusive Events, Mentoring, Workshops",Green,"The programme supports businesses working in the energy sector, that aim to develop cleaner energy sources.",Applicants must be based in the UK.,,https://labs.uk.barclays/our-industries/energytech/framework/,,United Kingdom,Tower Hamlets,London,"1 Churchill Place
London
E14 5HP",E14 5HP,1,,2021-04-30
1000 Black Voices Fintech Accelerator,https://platform.beauhurst.com/acceleratormanager/wym3jn/accelerator/3shwwr/,1000 Black Voices,,,,12 weeks.,"Access to Business Network, Access to Investor Network, Investment Assistance, Mentoring, Workshops",Green,The programme is for Black founders of Fintech businesses.,Applicants must meet the following criteria: Be a Black founder of a Fintech business Have 50% or more ownership in the business Be making key strategic decisions Have a product or service in the market Be available to attend all sessions throughout the programme duration,,https://1000blackvoices.com/fintech-acceleratortrademission/,,United Kingdom,Camden,London,"71-75 Shelton Street
Covent Garden
London
WC2H 9JQ",WC2H 9JQ,1,,2021-05-31
Made Smarter Technology Accelerator,https://platform.beauhurst.com/acceleratormanager/yaht5t/accelerator/j3eyby/,Digital Catapult,"BAE Systems, Sainsbury's, Verizon, Software AG, GAF, O'Neills, Messier-Dowty, Northumbrian Water Group, Babcock",Industrial Strategy Challenge Fund,,9 months.,"Access to Business Network, Access to Network of Experts, Financial Investment, Invitation to Exclusive Events, Mentoring, Technical Expertise, Workshops",Green,The programme is for startups developing technology to address manufacturing challenges in the UK.,Applicants must meet the following criteria: Be a UK based company Have a UK business bank account Have an experienced team Have a well-developed and unique idea that takes environmental factors into account Have an idea that has technological suitability and relevance Have an idea that is scalable and suitable for further funding Be able to develop a feasible solution within the timeframe and budget Be able to demonstrate a certain level of technological readiness,020 3882 3557,https://accelerator.madesmarter.uk/,,United Kingdom,Camden,London,"Digital Catapult
101 Euston Road
London",NW1 2RA,15,,2021-03-11
DIANA Accelerator,https://platform.beauhurst.com/acceleratormanager/k566j2/accelerator/7c3rt2/,DIANA Accelerator,NATO,NATO DIANA,,6 months.,"Access to Business Network, Access to Investor Network, Access to Network of Experts, Access to Political Network, Financial Investment, Invitation to Exclusive Events, Mentoring, Workshops",Green,The programme supports companies developing technologies that solve challenges in the defence and security sector.,"Applicant companies must: Be developing a dual-use technology that can be used in civilian settings; DIANA does not accept weapons, munitions or combat-specific technology Be based in a NATO member nation and majority-owned by citizens of a NATO member nation Be early-stage or SME companies, ideally with limited defence experience Not be a university or non-profit group",,https://www.diana.nato.int/accelerator-programme.html,https://www.linkedin.com/company/88007411,United Kingdom,Hammersmith and Fulham,London,"84 Wood Lane
Imperial College London
Translation & Innovation Hub
London
W12 7SL",W12 7SL,11,,2026-01-30
Ascend,https://platform.beauhurst.com/acceleratormanager/j75p2q/accelerator/5tpxsn/,FounderVine,,UK Shared Prosperity Fund (UKSPF),,3 months.,"Access to Investor Network, Business Advice, Co-working Space, Financial Investment, Investment Assistance, Mentoring",Green,The programme is for scale-stage businesses.,"Applicants must meet the following criteria:  Operate in the digital technology sector Be revenue-generating and/or VC backed Be planning to raise funding within the next 12-18 months, with a targeted range of £250,000 to £750,000 Be a London-based business Have a growing customer base and/or market share Have a team with founders from ethnic minority backgrounds Have a team that team includes women and sexual minorities Have a team that has proven expertise in the industry",,https://www.foundervine.com/ascend,,United Kingdom,Westmorland and Furness,North West,"11 Thrang Brow
Chapel Stile
Ambleside
England
LA22 9JN",LA22 9JN,3,,2024-08-13
IA Engine Innovator Programme,https://platform.beauhurst.com/acceleratormanager/zqtu97/accelerator/nzvd3h/,The IA Engine,,,,12 months.,"Access to Investor Network, Access to Network of Experts, Business Advice, Co-working Space, Invitation to Exclusive Events, Marketing support, Mentoring",Green,The programme is for companies operating in the fintech sector. ,Applicants must meet the following criteria: Be an IA Engine member Provide solutions to the investment management and capital markets industry,,https://www.theiaengine.com/the-programme-benefits/ia-engine-innovator-programme/,,United Kingdom,City of London,London,"Camomile Court
23 Camomile Street
London",EC3A 7LL,2,,2025-03-25
EY FinTech Growth Programme,https://platform.beauhurst.com/acceleratormanager/nt45em/accelerator/m5rccj/,Ernst & Young,,,,6 weeks.,"Access to Business Network, Access to Investor Network, Access to Network of Experts, Mentoring, Workshops",Green,This programme is for companies operating in the FinTech sector. ,Applicants must meet the following criteria:  Operate in the UK Have ambitious growth plans,,https://www.ey.com/en_uk/financial-services/ey-fintech-lab,,United Kingdom,Southwark,London,"6 More London Place
The Borough
London
SE1 2DA",SE1 2DA,1,,2023-09-14
FutureScope BridgeAI Accelerator,https://platform.beauhurst.com/acceleratormanager/yaht5t/accelerator/9j5tsq/,Digital Catapult,,Innovate UK,,12 weeks.,"Access to Finance, Access to Network of Experts, Mentoring, Product Development, Technical Expertise, Workshops",Green,The programme supports businesses to build and commercialise AI and Machine Learning products.,Applicants must operate in the following sectors: Agriculture Creative Industries Construction Transport,,https://futurescope.digicatapult.org.uk/our-programmes/bridgeai-programme/,,United Kingdom,Camden,London,"101 Euston Road
London
NW1 2RA",NW1 2RA,24,,2025-04-23
Bootstrap School (LIFT),https://platform.beauhurst.com/acceleratormanager/zb255b/accelerator/ibq5mc/,OneTech,Tectonic,,,8 weeks.,"Access to Finance, Marketing support, Mentoring, Product Development, Technical Expertise",Green,The programme aims to support the founders of early stage businesses to grow their businesses.,"Applicants must be based in the London boroughs of Camden, Hackney, Islington or Tower Hamlets.",,https://www.weareonetech.org/activities/lift-bootstrap-school,https://www.linkedin.com/company/19176304,United Kingdom,Hackney,London,"5 Luke Street
London
EC2A 4PX",EC2A 4PX,1,,
Immerse Catalyst,https://platform.beauhurst.com/acceleratormanager/j75p2q/accelerator/qhjbvp/,FounderVine,,Lloyds Banking Group,,8 weeks.,"Access to Business Network, Access to Finance, Access to Investor Network, Business Advice, Investment Assistance, Mentoring, Workshops",Green,"The programme aims to support businesses in growth, with a focus on raising finances.","Applicants must meet the following criteria: Be a UK registered business or sole trader Have been in operation for at least 18 months Must demonstrate a minimum of £50,000 in revenue or funding Have at least 1 team member (voluntary or part-time) Have at least 1 founder (or C-suite) self-identifies as Black or of Black heritage  Have proven expertise in your industry Be available to attend all the scheduled masterclasses",,https://www.foundervine.com/our-programmes/immerse-catalyst,https://www.linkedin.com/company/11360753,United Kingdom,Enfield,London,"Greater London 
N9",,18,,2025-09-03
Brunel University RIE,https://platform.beauhurst.com/acceleratormanager/g7qcik/accelerator/f2az7k/,Brunel University,,,2023-12-20,6 months.,"Access to Investor Network, Access to Network of Experts, Mentoring, Workshops",Green,The programme supports businesses to develop their research and innovation strategy.,"Applicant companies must meet the following: Registered businesses in the UK with evidence of financial expenditure/investment over £100,000 in the last financial year with limited or no success of securing funding for R&I. Have achieved the Technology Readiness Level (TRL) three of their proposed solution. Commitment to participate in three day workshops and receive up to five hours of expert mentoring support. Commitment to develop specific research and innovation strategy and concept note leading to potential collaborative proposal for funding. Minimum two full time staff employed in the organisation",,https://www.brunel.ac.uk/business/Help-for-SMEs/Research-Innovate-and-Emerge,,United Kingdom,Hillingdon,London,"Brunel University London
Kingston Lane
Uxbridge
Middlesex",UB8 3PH,1,,2021-11-11
AI First (Europe and Israel),https://platform.beauhurst.com/acceleratormanager/ncekav/accelerator/a84pjy/,Google for Startups,Google Cloud Platform,,,10 weeks.,"Access to Business Network, Access to Finance, Access to Investor Network, Access to Network of Experts, Business Advice, Corporate Resources, Invitation to Exclusive Events, Mentoring, Product Development, Technical Expertise",Green,The program aims to help scale companies developing AI technology.,"Applicants must: Be based in Europe or Israel. Be able to attend in-person events held in Europe. Be able to demonstrate they're between Seed & Series A stage, with a team of 10 or more. Be building a product with a defensible growth model and significant market. Be developing or heavily leveraging AI technology.",,https://startup.google.com/programs/accelerator/ai-first/europe/,,United Kingdom,Islington,London,"4-5 Bonhill Street
London
EC2A 4BX",EC2A 4BX,6,,2023-09-21
"Innovate UK Microbials (Microbiome, Biofilms & Phage) Accelerator Programme",https://platform.beauhurst.com/acceleratormanager/3b7npv/accelerator/kvdiur/,Innovate UK,"Liverpool University, innovation Agency, iiCON, LYVA Labs, Bionow, CPI",Biomedical Catalyst - Late Stage,,6 months.,"Financial Planning, Marketing support, Mentoring, Product Development, Technical Expertise, Workshops",Green,"The programme aims to offer support and advice to businesses developing microbiome, biofilm or phage related technology.","Applicants must meet the following criteria: Be a UK-based SME, or an academic in the early stages of forming an SME Have an innovative idea to develop a novel product, technology, or process which is in scope of the “Microbials” area, that aims to impact upon a clear evidenced and sizeable healthcare challenge. Be developing a technology, product, process or service with a clear route to market that will lead to a commercial opportunity. Have a technology, product, process or service which could form the basis of an application to an Innovate UK Biomedical Catalyst Feasibility Award call.",,https://lyvalabs.com/microbials-accelerator,,United Kingdom,Manchester,North West,"Greenheys
Pencroft Way
Manchester
M15 6JJ",M15 6JJ,3,,2024-01-30
Discovery Spark,https://platform.beauhurst.com/acceleratormanager/6rgkw9/accelerator/42r7an/,Discovery Park,,,,8 weeks.,"Access to Business Network, Access to Finance, Access to Network of Experts, Business Advice, Financial Investment, Mentoring, Office Space",Green,The programme is for early-stage startups operating in the life sciences industry.,Applicants must have been incorporated in the UK and be able to demonstrate proof of concept.,,https://discovery-park.co.uk/new-business-support-programme-and-competition-for-life-science-start-ups-discovery-spark/,,United Kingdom,Dover,South East,"Discovery Park
Ramsgate Rd
Sandwich
CT13 9FF",CT13 9FF,14,2,2025-09-09
Advanced Access Programme,https://platform.beauhurst.com/acceleratormanager/zqtu97/accelerator/jwm9x4/,The IA Engine,,,,3 months.,"Access to Finance, Access to Network of Experts, Business Advice, Invitation to Exclusive Events, Legal Services, Technical Expertise",Green,The programme aims to support the growth of Fintech businesses.,"Applicants must be an IA FinTech Member, and be at a later stage of growth than Pre-seed to Series A members.",,https://www.theiaengine.com/the-programme-benefits/advanced-access-programme/,https://www.linkedin.com/company/28992577,United Kingdom,City of London,London,"The Investment Association
23 Camomile Street
London",EC3A 7LL,1,,2024-01-10
Just Transition - Incubator Programme,https://platform.beauhurst.com/acceleratormanager/kiukc8/accelerator/7b5dg6/,Startup Discovery School,,UK Shared Prosperity Fund (UKSPF),,12 weeks.,"Access to Business Network, Access to Finance, Business Advice, Co-working Space, Legal Services, Mentoring, Workshops",Green,The programme aims to support London based businesses in the climate tech sector.,"Businesses must be working on an idea for a climate tech solution, or a have a business that can solve sustainability challenges.",,https://www.justtransition.uk/,https://www.linkedin.com/company/68125436,United Kingdom,Islington,London,"320 City Road
London
EC1V 2NZ",EC1V 2NZ,2,,2023-11-07
Aerospace Xelerated,https://platform.beauhurst.com/acceleratormanager/wwrxcx/accelerator/ddecmk/,Aerospace Xelerated,,,,12 weeks.,"Access to Investor Network, Access to Network of Experts, Financial Investment, Mentoring",Green,The programme is for early stage software startups developing aerospace technology.,Applicants must be developing technology for use in the aerospace industry.,,https://xelerated.aero/,https://www.linkedin.com/company/29301860,United Kingdom,Westminster,London,"25 Victoria Street
Westminster
London
SW1H 0EX",SW1H 0EX,25,,2024-01-26
AI for Health,https://platform.beauhurst.com/acceleratormanager/ncekav/accelerator/z7hddu/,Google for Startups,,,,3 months.,"Access to Alumni Network, Access to Business Network, Access to Investor Network, Access to Network of Experts, Business Advice, Mentoring, Technical Expertise, Workshops",Green,The programme aims to support the growth of businesses using AI technology in the healthcare and wellbeing sectors.,"Applicants must meet the following criteria: Be Seed to Series A startups based in Europe, the Middle East, and Africa but looking to scale internationally. Have a focus on leveraging AI to address health or wellbeing challenges. Have demonstrated traction, such as a clear track record of users and revenue. Have a scalable product or service, with both a significant total addressable market and a defensible growth model.",,https://startup.google.com/programs/growth-academy/ai-for-health/emea/,,United Kingdom,Islington,London,"4-5 Bonhill Street
London
England 
EC2A 4BX",EC2A 4BX,7,,2023-09-27
Warwick Deep Tech Incubator,https://platform.beauhurst.com/acceleratormanager/6xwhup/accelerator/xm3a2b/,University of Warwick,,,,6 months.,"Access to Alumni Network, Access to Business Network, Access to Network of Experts, Mentoring, Office Space",Green,"The programme is for entrepreneurs who want to develop a Deep Tech  business built on data science, artificial intelligence or emerging technologies.",Applicants must operate within the Deep Tech industry.,,https://warwickinnovationdistrict.com/deep-tech-innovation-centre/,,United Kingdom,Coventry,West Midlands,"Warwick Innovation District
University of Warwick
Junction Building
6 University Rd
Coventry
CV4 7EQ",CV4 7EQ,8,,2024-01-25
FutureScope Photonics NI,https://platform.beauhurst.com/acceleratormanager/yaht5t/accelerator/6sxt7c/,Digital Catapult,,UK Research and Innovation,,9 weeks.,"Access to Business Network, Access to Network of Experts, Business Education, Technical Expertise",Green,"The programme is for companies in manufacturing, construction, agritech or the medical sector who are looking to use photonics within their industry.",Applicants must: Operate in Northern Ireland and be registered or established in the UK Be eligible to receive government funding Be industry-facing and have the need to develop solutions enabled by photonics technology Reach a high enough score on the programme's online application form,,https://futurescope.digicatapult.org.uk/our-programmes/photonics-ni/,,United Kingdom,Camden,London,"Digital Catapult
101 Euston Road
London
NW1 2RA",NW1 2RA,7,,2023-06-24
Venture Connect,https://platform.beauhurst.com/acceleratormanager/iuvpmu/accelerator/btcp8t/,2050 Maritime Innovation Hub,"Connected Places Catapult, Barclays, Port of Tyne, Innovation SuperNetwork, Northstar Ventures, Gresham House",,,4 months.,"Access to Business Network, Access to Customer Network, Access to Investor Network, Business Advice, Mentoring, Product Development, Technical Expertise, Workshops",Green,The programme aims to connect decarbonisation-focused businesses in the Northeast with investors in the maritime sector.,"Applicants must be developing low carbon, cleantech technology for the ports and maritime industry, and have a business interest in the Northeast of England.",,https://www.portoftyne.co.uk/about-us/2050-innovation-hub/venture-connect,,United Kingdom,South Tyneside,North East,"Maritime House
Tyne Dock
South Shields
Tyne & Wear",NE34 9PT,1,,2024-02-07
LYVA Labs Incubator,https://platform.beauhurst.com/acceleratormanager/j9hxrd/accelerator/agzbhs/,LYVA Labs,Liverpool City Region Combined Authority,LYVA Labs Incubator Fund,,,"Access to Investor Network, Access to Network of Experts, Financial Investment, Investment Assistance, Mentoring, Office Space, Workshops",Green,"This programme is for early-stage companies that are developing an innovative product in the following sectors: Health & life sciences, excluding pharmaceuticals, drugs, alcohol, and consumer health Clean-tech products and services that have a positive impact on health outcomes Deeptech, such as physical sciences, material science, data science, artificial intelligence, advanced engineering, and robotics","Applicants must meet the following criteria: Be based in Liverpool City Region Be operating in one of the applicable sectors Be developing an innovative product, technology, or process with commercial opportunity Have developed an innovative concept or demonstrate proof of concept Have been incorporated and have a bank account",,https://lyvalabs.com/incubator,,United Kingdom,Liverpool,North West,"The Spine
2 Paddington Village
Liverpool",L7 3FA,11,6,2024-10-31
KPE Access Accelerator - Founded by Her,https://platform.beauhurst.com/acceleratormanager/hfssrr/accelerator/kqy8kg/,KPMG Private Enterprise Access,,,,,"Access to Alumni Network, Access to Business Network, Access to Investor Network, Access to Network of Experts, Business Education, Mentoring, Workshops",Green,The programme is for early-stage female-founded companies that are looking to scale and receive funding.,"Applicants must meet the following criteria: Be female-founded or co-founded, or have a female c-suite level head Be a UK-registered company that is not majority owned by a corporate Be looking to raise investment in the next 6-12 months Be currently achieving £1m ARR or have previously raised at least £1m in seed funding",,https://kpmg.com/uk/en/home/insights/2021/02/kpmg-private-enterprise-access.html#programme-roadmap,,United Kingdom,Tower Hamlets,London,"15 Canada Square,
Canary Wharf
London
E14 5GL",E14 5GL,36,,2025-04-01
Futureverse Base Camp,https://platform.beauhurst.com/acceleratormanager/aq874y/accelerator/746zsj/,Outlier Ventures,,Born Ready,,12 weeks.,"Access to Business Network, Access to Finance, Financial Investment, Legal Services, Mentoring, Product Development, Stipend, Technical Expertise, Workshops",Green,The programme aims to support the growth of businesses developing a product on The Root Network.,Applicants must meet the following criteria: Be developing a product on The Root Network. Be developing a product that aligns with Outlier Ventures’ Metaverse OS Thesis,,https://outlierventures.io/base-camp/futureverse-base-camp/,,United Kingdom,City of London,London,"11 Cursitor Street
London 
EC4A 1LL",EC4A 1LL,2,2,2024-02-13
Angels@Essex Future Economy Investor Partnership,https://platform.beauhurst.com/acceleratormanager/ksfm3x/accelerator/ji8vwx/,Innovate UK Business Connect,Angels@Essex,Innovate UK,,6 months.,"Access to Investor Network, Investment Assistance, Mentoring, Product Development, Workshops",Green,"The programme is part of the Innovate UK Investor Partnerships programme, which provides investment readiness support for companies applying for IUK R&D grants.","Applicants must: Be a UK-registered SME Carry out its project work in or from the UK and intend to exploit the results in or from the UK Be focused on the 'future economy' themes of new zero, healthy living and agriculture, digital and technology, or equality, diversity and inclusion Be intending to apply for an R&D grant from Innovate UK",,https://iuk.ktn-uk.org/opportunities/innovate-uk-investor-partnerships-sme-round-6/,,United Kingdom,Colchester,East of England,"Boundary Road
Colchester
England 
CO4 3SQ",CO4 3SQ,6,,2024-01-02
North East Create Growth,https://platform.beauhurst.com/acceleratormanager/zsphda/accelerator/ms9ua6/,Creative UK,"North of Tyne Combined Authority, Department for Digital, Culture, Media and Sport",,,6 months.,"Access to Investor Network, Corporate Resources, Investment Assistance, Mentoring, Technical Expertise, Workshops",Green,This programme is for creative businesses which demonstrate the potential for high growth. ,"Applicants must meet the following criteria:  Be registered as a business on Companies House. Have been trading or registered within one of the following areas; Durham, Northumberland, Gateshead, Newcastle Upon Tyne, North and South Tyneside and Sunderland (Teesside is excluded). Operating across one of the following sectors; advertising and marketing; architecture; crafts; design and designer fashion; film, TV, video, radio and photography; IT, software and computer services (including gaming); publishing; museums, galleries and libraries; music, performing and visual arts.",,https://www.wearecreative.uk/support/regional-growth-programmes/north-east-cgp/,,United Kingdom,"Bristol, City of",South West,"Runway East
1 Victoria Street
Redcliffe
Bristol",BS1 6AA,1,,2023-07-19
Startup Academy,https://platform.beauhurst.com/acceleratormanager/h9i8dj/accelerator/gfn8ey/,Tramshed Tech,"SeedLegals, Stripe, Google for Startups, Twilio",Google for Startups,,10 weeks.,"Access to Business Network, Access to Finance, Access to Investor Network, Access to Network of Experts, Business Advice, Corporate Resources, Invitation to Exclusive Events, Mentoring, Workshops",Green,The programme aims to develop early stage tech companies.,Applicants must b e a pre-start or early stage tech startup.,029 2010 3090,https://www.tramshedtech.co.uk/programmes/startup-academy/,,United Kingdom,Cardiff,Wales,"Pendyris Street
Unit D
Cardiff 
CF11 6BH",CF11 6BH,90,,2023-08-01
GreenTech Catalyst,https://platform.beauhurst.com/acceleratormanager/h9i8dj/accelerator/9d6egn/,Tramshed Tech,M-SParc,,,12 weeks.,"Access to Business Network, Access to Network of Experts, Business Advice, Corporate Resources, Invitation to Exclusive Events, Mentoring, Product Development, Workshops",Green,The programme aims to support the growth of Welsh businesses developing environmentally focused products are services.,"Applicants must have a viable product, existing traction in the market, and high growth potential.",,https://www.tramshedtech.co.uk/programmes/greentech-catalyst-accelerator/,,United Kingdom,Cardiff,Wales,"Pendyris Street
Unit D
Cardiff 
CF11 6BH",CF11 6BH,12,,2024-01-01
Technology Export Cluster,https://platform.beauhurst.com/acceleratormanager/h9i8dj/accelerator/hi3in8/,Tramshed Tech,"Business News Wales, Impact Innovation",Welsh Government,,,"Access to Business Network, Access to Network of Experts, Invitation to Exclusive Events, Mentoring, Workshops",Green,The programme supports Welsh businesses that aim to export their products.,Applicants must be based in Wales and operate in the technology sector.,,https://tecwales.com/register/,,United Kingdom,Cardiff,Wales,"Pendyris Street
Unit D
Cardiff 
CF11 6BH",CF11 6BH,41,,2023-08-01
Soft-Landing Programme,https://platform.beauhurst.com/acceleratormanager/h9i8dj/accelerator/q9ppz5/,Tramshed Tech,,Welsh Government,,12 weeks.,"Access to Business Network, Access to Network of Experts, Business Advice, Invitation to Exclusive Events, Mentoring, Office Space",Green,The programme aims to support international technology businesses expand and 'soft-land' in Wales.,Applicants must be a technology business.,,https://www.tramshedtech.co.uk/programmes/soft-landing/,,United Kingdom,Cardiff,Wales,"Unit D
Pendyris St
Cardiff
CF11 6BH",CF11 6BH,3,,2023-10-31
Founders at the University of Cambridge Start Accelerator,https://platform.beauhurst.com/acceleratormanager/2u9ing/accelerator/i4e76v/,Founders at the University of Cambridge,,The University of Cambridge,,12 weeks.,"Access to Alumni Network, Access to Business Network, Access to Investor Network, Access to Network of Experts, Financial Investment, Mentoring, Office Space, Workshops",Green,The programme is for Cambridge University technology startups.,"Applicants must meet the following criteria: Be developing a technology-based solution from University research or knowledge Be committed to growing the company Be looking to secure pre-seed, seed or grant funding in the next 12 months Have at least one founder who has attended Cambridge University in the last two years Applicants working in the drug discovery or deep therapeutic technology sectors are ineligible for this programme.",,https://founders.cam.ac.uk/start-3/,,United Kingdom,Cambridge,East of England,"Hauser Forum
3 Charles Babbage Road
Cambridge
CB3 0GT",CB3 0GT,17,17,2025-03-27
Female Founder Accelerator,https://platform.beauhurst.com/acceleratormanager/ci4mhd/accelerator/cggari/,Barclays Eagle Labs,"AccelerateHER, UK Government Investments Limited",,,9 weeks.,"Access to Business Network, Access to Customer Network, Access to Investor Network, Business Advice, Financial Planning, Invitation to Exclusive Events, Marketing support, Mentoring, Workshops",Green,"This programme is for for female-led companies, operating in the technology and innovation sector with the ambition to scale and raise investment in 12-18 months.",Applicant companies must be: Creating a Minimum Viable Product (MVP) that is ready to bring to market Developing digital technology or innovations Applying as a female c-suite executive or founder Operating and based in the UK Able to commit to attending all the masterclasses over the 9 weeks and dedicate an estimated two and a half hours to the programme each week.,,https://labs.uk.barclays/what-we-offer/our-programmes/female-founder-accelerator/,,United Kingdom,Tower Hamlets,London,"1 Churchill Place
London
E14 5HP",E14 5HP,6,,2025-09-15
Mobile Games Growth Programme,https://platform.beauhurst.com/acceleratormanager/nm7hsk/accelerator/wugmgt/,Ukie,Barclays,,,6 months.,"Access to Business Network, Access to Investor Network, Access to Network of Experts, Business Advice, Mentoring, Workshops",Green,The programme is for founders/CEOs of mobile games development companies.,Applicants must meet the following criteria: Be based in the UK with an incorporated business Have an entrepreneurial outlook with ambition and potential for growth Have an already assembled team Have released a game/have a game in production Have generated revenue or raised funding,,https://ukie.org.uk/mobile-growth-programme,,United Kingdom,Camden,London,"Black Bull Yard
24-28 Hatton Wall
London
EC1N 8JH",EC1N 8JH,1,,2022-11-29
Indielab Games UK,https://platform.beauhurst.com/acceleratormanager/y5qqtt/accelerator/gec3pp/,Indielab,,,,3 months.,"Access to Network of Experts, Financial Planning, Invitation to Exclusive Events, Legal Services, Mentoring, Product Development, Workshops",Green,The programme supports video game studios and developers.,"Applicants must meet the following criteria: Be either game developers, a game studio or a creator of interactive entertainment Have their HQ based in the British Isles Have a playable game prototype Have a pitch deck/one page pitch for the game",,https://www.indielabgames.co.uk/indielab-games-2024-uk-accelerator,https://www.linkedin.com/company/85872822,United Kingdom,Westminster,London,"7 Savoy Court
London",WC2R 0EX,10,,2024-05-01
DunDev,https://platform.beauhurst.com/acceleratormanager/kzbriz/accelerator/vxxqea/,UK Games Talent and Finance,,,,4 weeks.,"Access to Business Network, Access to Network of Experts, Financial Investment, Living Space, Mentoring, Office Space",Green,The programme is for games development studios.,Applicants must meet the following criteria: Have previously attended the Tranzfuser programme Have a team size of 3-6 people Be registered with Companies House Have demonstrable concept work,,https://dun-dev.com/,,United Kingdom,Islington,London,"124 City Road
London
EC1V 2NX",EC1V 2NX,2,,2024-03-15
Baltic Ventures Launchpad,https://platform.beauhurst.com/acceleratormanager/8j6jjw/accelerator/9jk6xc/,Baltic Ventures,,,,6 months.,"Access to Business Network, Access to Finance, Access to Investor Network, Access to Network of Experts, Invitation to Exclusive Events, Mentoring, Workshops",Green,The programme is for digital technology startups.,Applicants must operate as an early-stage digital technology company.,,https://balticventures.uk/launchpad/,,United Kingdom,Liverpool,North West,"Digital House
Studio B
44 Simpson Street
Liverpool",L1 0AX,17,,2025-01-27
KPE Access Accelerator,https://platform.beauhurst.com/acceleratormanager/hfssrr/accelerator/erpfab/,KPMG Private Enterprise Access,,,,12 months.,"Access to Network of Experts, Invitation to Exclusive Events, Mentoring, Workshops",Green,The programme supports high-growth and ambitious businesses. ,"Applicant companies must meet the following requirements: A turnover of £1,000,000 and/or have raised minimum £1,000,000 with the intention to raise again in the next 12 months  Fast growing team and looking to scale Intention to do business overseas",,https://kpmg.com/uk/en/home/insights/2021/02/kpmg-private-enterprise-access.html,,United Kingdom,Tower Hamlets,London,"15 Canada Square, London",E14 5GL,62,,2025-01-31
Investment Readiness Programme,https://platform.beauhurst.com/acceleratormanager/j34i5i/accelerator/nzegju/,Mountside Ventures,"British Business Bank, Funding London, UK Shared Prosperity Fund",,,6 weeks.,"Access to Investor Network, Business Advice, Corporate Resources, Financial Planning, Investment Assistance, Mentoring",Green,"The programme is for pre-seed and seed companies, aiming to raise external investment in the next 3 to 12 months.","Applicant must be entrepreneurs who demonstrate traction, are seeking funding, and operate a company that has received less than £315k in state aid/public sector funding.",,https://www.mountsideventures.com/accelerator,,United Kingdom,Camden,London,"27 Old Gloucester Street
London
WC1N 3AX",WC1N 3AX,23,,2024-09-13
Hydrogen & Sustainable Transport Economy Accelerator,https://platform.beauhurst.com/acceleratormanager/a27hxm/accelerator/qhyn9s/,SETsquared,,West of England Combined Authority,,19 weeks.,"Access to Business Network, Access to Finance, Business Advice, Invitation to Exclusive Events, Mentoring, Technical Expertise, Workshops",Green,The programme aims to accelerate innovation and commercialisation in sustainable transport and low-carbon hydrogen production in the West of England.,"Applicants should be:  Developing technology with clean hydrogen and/or sustainable transport and propulsion – across all sectors including marine, automotive, aerospace, heavy-duty, and off-highway vehicles An SME, a start-up, an individual entrepreneur with a registered business, Sole Trader, Partnership Organisation, Limited Company (Ltd) or Community Interest Company (CIC, CIO) Currently based or have a part of a supply chain in, or be actively considering working and accessing opportunities in the area in the West of England; which includes Bath, North and North East Somerset, Bristol, and South Gloucestershire.",,https://www.setsquared.co.uk/programme/hydrogen-and-sustainable-transport-economy-accelerator/,,United Kingdom,"Bristol, City of",South West,"SETsquared Bristol
Engine Shed
Station Approach
Temple Meads
Bristol",BS1 6QH,1,,
Clean Transport Accelerator,https://platform.beauhurst.com/acceleratormanager/geecyh/accelerator/ibfhnq/,NatWest,University of Warwick,,,6 months.,"Access to Business Network, Access to Finance, Access to Network of Experts, Co-working Space, Corporate Resources, Invitation to Exclusive Events, Mentoring, Technical Expertise",Green,"This programme is for companies that are operating in the transport sectors, looking to develop clean mobility systems and support decarbonisation.  ",Applicant companies must be:  SMEs looking to expand into the clean transport supply chain Based in the West Midlands or willing to travel to the University of Warwick when required,,https://www.natwest.com/business/insights/sustainability/climate/clean-transport-accelerator-programme.html,,United Kingdom,Tower Hamlets,London,"250 Bishopsgate
London
EC2M 4AA",EC2M 4AA,13,,2024-03-04
Crypto Startup Accelerator (CSX),https://platform.beauhurst.com/acceleratormanager/aixhj6/accelerator/8k92z3/,a16z,,,,12 weeks.,"Access to Customer Network, Access to Investor Network, Access to Network of Experts, Financial Investment, Invitation to Exclusive Events, Mentoring, Workshops",Green,The programme supports Web3 startups.,The programme accepts founders that are building or interested in building crypto products.,,https://a16zcrypto.com/accelerator/,,United Kingdom,City of London,London,London,,9,1,2024-03-27
Investment Readiness Accelerator,https://platform.beauhurst.com/acceleratormanager/mdksyv/accelerator/brnn7r/,Hive Founders,,,,8 weeks.,"Access to Investor Network, Access to Network of Experts, Mentoring, Workshops",Green,The programme supports businesses founded by women.,Applicant companies must meet the following criteria: Be at pre-seed or seed stage Founded by women Have a minimum viable product or have a product in market The programme also includes a small fee to join.,,https://www.hivefounders.net/fund/investment-readiness,,United Kingdom,Camden,London,"London HQ

71-75 Shelton Street

Covent Garden",WC2H 9JQ,1,,2024-04-15
UK-APAC Tech Growth Programme,https://platform.beauhurst.com/acceleratormanager/kvv7f3/accelerator/zx9wvm/,Intralink,"Orissa International, Foley, GBxAsia, ScotlandIS, Barclays Eagle Labs",UK Research and Innovation,,10 weeks.,"Access to Business Network, Access to Customer Network, Access to Investor Network, Access to Political Network, Business Education, Investment Assistance, Invitation to Exclusive Events, Mentoring, Workshops",Green,The programme is for UK tech firms looking to expand into the Asia-Pacific region.,"Applicants must Be a technology startup or scaleup Be headquartered in the UK Be looking to expand into Japan, Korea, Taiwan, Singapore, Vietnam, Malaysia, Philippines, Thailand, Indonesia, Australia, or New Zealand",,https://www.intralinkgroup.com/en-GB/services/International-Market-Expansion/TGP,https://www.linkedin.com/company/98024363,United Kingdom,Vale of White Horse,South East,"4a Hitching Court
Abingdon
OX14 1RG",OX14 1RG,4,,2024-03-22
Product Builder Programme,https://platform.beauhurst.com/acceleratormanager/ci4mhd/accelerator/seyxdf/,Barclays Eagle Labs,Plexal,UK Government,,7 weeks.,"Access to Investor Network, Access to Network of Experts, Corporate Resources, Invitation to Exclusive Events, Mentoring, Workshops",Green,The programme is for innovative digital and technology startups.,Applicants must meet the following criteria: Be based in the UK Be an individual or a small team (under 4 people). Have a clear challenge or problem that needs solving using a digital product or service. Be at idea or early prototype stage Be motivated by digital innovation and solving real-world problems.,,https://www.plexal.com/our-work/product-builder-programme/,,United Kingdom,Hackney,London,"Plexal
Queen Elizabeth Olympic Park
London",E20 3BS,5,,2024-07-19
Cyber Bridge,https://platform.beauhurst.com/acceleratormanager/ci4mhd/accelerator/5kx4b9/,Barclays Eagle Labs,Codebase,,,12 months.,"Access to Business Network, Access to Network of Experts, Invitation to Exclusive Events, Mentoring, Workshops",Green,The programme supports cyber security businesses that aim to protect against ransomware.,Applicants must be based in the UK.,,https://labs.uk.barclays/what-we-offer/our-programmes/industry-bridge/cyber-bridge/,,United Kingdom,Tower Hamlets,London,"1 Churchill Place
London",E14 5HP,4,,2024-06-25
Venture Builder Cambridge,https://platform.beauhurst.com/acceleratormanager/swwfuc/accelerator/3hcfti/,Carbon13,,,,8 months.,"Access to Finance, Business Advice, Financial Investment, Investment Assistance, Mentoring, Stipend",Green,The programme is for companies with an idea to reduce carbon emissions.,Applicants must meet the following criteria:  Likely to be an individual entrepreneur looking for a co-founder Likely to be pre-investment and pre-idea Demonstrate a desire to build a carbon reduction business model,,https://carbonthirteen.com/programmes/venture-builder-cambridge/,,United Kingdom,Cambridge,East of England,"Salisbury House
Station Road
Cambridge",CB1 2LA,48,35,2025-07-31
Better Futures Retrofit Accelerator,https://platform.beauhurst.com/acceleratormanager/gnjpsv/accelerator/jwgss7/,Imperial College London,UK Shared Prosperity Fund,,,10 months.,"Access to Network of Experts, Business Advice, Office Space, Product Development, Technical Expertise, Workshops",Green,"This programme supports businesses looking to scale a climate crisis solution, with a focus on the built environment sector and decarbonising buildings.",Applicants must meet the following criteria: Be London-based Be classified as operating in the LCEGS (Low Carbon Environmental Goods and Services) sector Be developing products or services suitable for the retrofit sector which will reduce emissions,,https://www.imperial.ac.uk/climate-change-innovation/retrofit-accelerator/,,United Kingdom,Westminster,London,"South Kensington Campus
London 
SW7 2AZ",SW7 2AZ,2,,2024-05-09
Future Industries Demonstrator - Innovation Challenges,https://platform.beauhurst.com/acceleratormanager/ptd7xx/accelerator/42hqkv/,SHIFT,"UK Shared Prosperity Fund, Plexal",,,,"Access to Finance, Access to Network of Experts, Co-working Space, Financial Investment, Mentoring, Workshops",Green,The programme supports businesses that aim to combat climate crisis across different areas. ,Applicant companies must work towards solving the following challenges: Creating natural cities Creating sustainable structures Supporting food systems ,,https://shiftlondon.co.uk/future-industries-demonstrator/,,United Kingdom,Hackney,London,"Here East
Queen Elizabeth Olympic Park
Plexal
London",E15 2GW,1,,2024-05-09
ARC Accelerate,https://platform.beauhurst.com/acceleratormanager/a5cmc4/accelerator/kvp3c8/,ARC Accelerate,,Research Grants,,6 months.,"Access to Alumni Network, Access to Business Network, Access to Finance, Access to Investor Network, Access to Network of Experts, Financial Investment, Mentoring, Workshops",Green,The programme supports researchers turn ideas into a scalable business.,"Applicants must meet the following: Operate in the arts, humanities and social sciences sector A PhD or relevant research & innovation experience UK based",,https://arcaccelerator.io/arc-accelerate/,https://www.linkedin.com/company/76438554,United Kingdom,City of London,London,London,,2,,2022-09-23
FutureScope,https://platform.beauhurst.com/acceleratormanager/yaht5t/accelerator/btimig/,Digital Catapult,,,,11 months.,"Access to Investor Network, Access to Network of Experts, Business Advice, Investment Assistance, Mentoring, Office Space",Green,The programme is for small digital tech businesses of all stages to accelerate growth.,Applicants must: Have an original idea with growth potential Have a strong team with relevant expertise Focus on digital transformation and emerging technology,020 3882 3557,https://futurescope.digicatapult.org.uk/,,United Kingdom,Camden,London,"Digital Catapult
101 Euston Road
London
NW1 2RA",NW1 2RA,13,,2024-02-28
FutureScope Black Founders Programme,https://platform.beauhurst.com/acceleratormanager/yaht5t/accelerator/6s265q/,Digital Catapult,Sony Music UK,Digital Catapult,,16 weeks.,"Access to Alumni Network, Access to Investor Network, Access to Network of Experts, Corporate Resources, Financial Investment, Investment Assistance, Office Space",Green,The programme aims to increase the investment readiness of Black-founded companies in the digital entertainment sector.,"Applicants must: Have at least one Black founder Be registered in the UK and carry out the majority of their work in the UK Be at pre-seed or seed stage Be in the digital entertainment sector, focusing on music, gaming, arts and advertising",,https://futurescope.digicatapult.org.uk/our-programmes/black-founders-programme/,,United Kingdom,Camden,London,"Digital Catapult
101 Euston Road
London
NW1 2RA",NW1 2RA,3,,2024-09-20
Smart Nano NI,https://platform.beauhurst.com/acceleratormanager/yaht5t/accelerator/235qr3/,Digital Catapult,"Seagate Technology, North West Regional College, Queen’s University Belfast (QUB), Yelo, Causeway Sensors, University of Ulster, Analytics Engines, Cirdan",UK Research and Innovation,,16 weeks.,"Access to Alumni Network, Access to Business Network, Access to Finance, Access to Investor Network, Access to Network of Experts, Invitation to Exclusive Events, Mentoring, Product Development, Technical Expertise, Workshops",Green,The programme utilises the expertise of a consortium of businesses and universities to support technology startups in the manufacturing sector  in Northern Ireland.,Applicants should be developing innovative technologies in the manufacturing sector.,,https://www.smartnanoni.com/,https://www.linkedin.com/company/69606285,United Kingdom,Belfast,Northern Ireland,"Ormeau Baths
18 Ormeau Avenue
Belfast",BT2 8HS,13,,2024-01-31
Niantic Lightship Augmented Reality Accelerator,https://platform.beauhurst.com/acceleratormanager/yaht5t/accelerator/xm4f6x/,Digital Catapult,,,,6 months.,"Corporate Resources, Financial Investment, Mentoring, Product Development, Technical Expertise",Green,This programme is for companies operating in the immersive experiences sector. ,"Applicants must meet the following criteria: Be developing an engaging AR model Be able to demonstrate the future potential of the product or solution Show clear articulation of the revenue model, target market, key acquisition channels, and go-to-market strategy",,https://futurescope.digicatapult.org.uk/our-programmes/niantic-lightship-ar/,,United Kingdom,Camden,London,"Digital Catapult
101 Euston Road
London 
NW1 2RA",NW1 2RA,6,,2022-08-31
DigitalHealth.London Leap,https://platform.beauhurst.com/acceleratormanager/ccc5tp/accelerator/z7rgzh/,DigitalHealth.London,Health Innovation Network,UK Shared Prosperity Fund (UKSPF),,9 months.,"Access to Alumni Network, Access to Network of Experts, Business Advice, Invitation to Exclusive Events, Mentoring",Green,The programme provides support and networking opportunities to underrepresented founders in the digital health technology sector.,"Applicants must: Be from a diverse background and face barriers in the innovation space, defined by the UK Shared Prosperity Fund as being people of colour, female, neurodiverse and/or disabled  Be an SME Be registered with Companies House Be based in London or have a dedicated London office Have a well-defined product or solution in the digital health and social care space",,https://digitalhealth.london/programmes/leap,,United Kingdom,Southwark,London,"Health Innovation Network
Minerva House
5 Montague Close
London
SE1 9BB",SE1 9BB,27,,2024-03-07
"Technology, Innovation & Green Growth for Offshore Renewables",https://platform.beauhurst.com/acceleratormanager/hy2xhu/accelerator/ddv4nj/,Offshore Renewable Energy Catapult,"Equinor, EDF Renewables",North of Tyne Combined Authority,,12 months.,"Access to Business Network, Access to Finance, Access to Investor Network, Business Advice, Product Development",Green,The programme aims to support the acceleration of supply chain growth and productivity for businesses  operating in the offshore wind and subsea sectors in the North of Tyne and wider North East England region.,Applicants must be based i n the North of Tyne or wider North East England region.,,https://ore.catapult.org.uk/what-we-do/supply-chain-growth/tiggor/,,United Kingdom,Glasgow City,West of Scotland,"121 George Street
Glasgow
G1 1RD",G1 1RD,11,,2023-11-30
MyWorld,https://platform.beauhurst.com/acceleratormanager/yaht5t/accelerator/jiuxgb/,Digital Catapult,University of Bristol,MyWorld,,4 months.,"Access to Business Network, Access to Finance, Access to Network of Experts, Business Education, Corporate Resources, Product Development, Technical Expertise, Workshops",Green,The programmes aims to support the growth of creative technology  businesses in the West of England.,Applicant companies should be interested in working in the following industries: Future Networks Immersive Artificial Intelligence Distributed Systems Cyber Security Manufacturing Creative Industries,,https://www.myworld-creates.com/,https://www.linkedin.com/company/74132208,United Kingdom,"Bristol, City of",South West,"Ground Floor
1 Cathedral Square
Trinity Street
Bristol
BS1 5DD",BS1 5DD,10,,2024-07-23
Enterprising Women,https://platform.beauhurst.com/acceleratormanager/s3zymq/accelerator/kqjjat/,SETsquared Bristol,,NatWest,,6 months.,"Access to Business Network, Access to Network of Experts, Business Advice, Marketing support, Mentoring, Workshops",Green,The programme is for women who want to grow and commercialise their business.,"Applicants must identify as a woman, or non-binary assigned female at birth, and live and work in the UK.",,https://setsquared-bristol.co.uk/about/enterprising-women/,,United Kingdom,"Bristol, City of",South West,"Engine Shed
Station Approach
Temple Meads
Bristol
BS1 6QH",BS1 6QH,3,,2024-02-01
Westcott Incubator and Accelerator Programme,https://platform.beauhurst.com/acceleratormanager/vp4veh/accelerator/agbnqp/,Satellite Applications Catapult,,Buckinghamshire Local Enterprise Partnership,,,"Access to Business Network, Access to Finance, Access to Network of Experts, Business Advice, Co-working Space, Mentoring, Product Development, Workshops",Green,"The programme supports early-stage businesses to explore, build and test their innovations.",Applicants must meet the follow criteria: Have strategic alignment to Westcott’s technology and market focus areas Have a product or service that has innovation and market potential Have a business or product that maximises growth at Westcott,,https://sa.catapult.org.uk/wia/,,United Kingdom,Buckinghamshire,South East,"Westcott Venture Park
Westcott
Aylesbury
HP18 0NX",HP18 0NX,1,,2023-06-28
Animal Health Incubator,https://platform.beauhurst.com/acceleratormanager/xrsqr7/accelerator/wmuns8/,Hive,"University of Surrey, Zoetis, SETsquared",,,,"Access to Business Network, Access to Finance, Access to Network of Experts, Business Advice, Co-working Space, Mentoring, Product Development, Technical Expertise, Workshops",Green,The programme supports start up companies in the animal healthcare sector.,Applicant must meet the following criteria: Have a strong idea Have an experienced team growth potential The product/service is unique and able to disrupt the sector,,https://vhive.buzz/animal-health-incubator/,,United Kingdom,Guildford,South East,"Vet School Main Building (VSM)
Daphne Jackson Road, Guildford, Surrey",GU2 7AL,,,
Made Smarter Innovation Sustainability Accelerator,https://platform.beauhurst.com/acceleratormanager/yaht5t/accelerator/mstykd/,Digital Catapult,UK Research & Innovation (UKRI),,,8 months.,"Access to Business Network, Access to Investor Network, Access to Network of Experts, Business Advice, Corporate Resources, Financial Investment, Invitation to Exclusive Events, Mentoring, Product Development, Technical Expertise, Workshops",Green,The programme aims to to support businesses developing sustainable technologies to drive environmental impact in UK manufacturing.,"Applicant companies must meet the following criteria:  Be registered with Companies House in the UK, and have a UK business bank account Have one or more team members with expertise with at least one of the advanced digital technology stack: Future networks and advanced digital infrastructure,  Immersive technologies,  AI & ML,  blockchain, or  Quantum technologies Have knowledge of how to apply their technology to the Manufacturing industry Be developing technology with relevance to the specified challenge Be able to attend all the key dates of the programme",,https://accelerator.madesmarter.uk/,https://www.linkedin.com/company/35435984,United Kingdom,Camden,London,"Digital Catapult
101 Euston Road
London",NW1 2RA,18,,2024-07-11
Paddle AI Launchpad,https://platform.beauhurst.com/acceleratormanager/86vyfx/accelerator/n3qwh9/,Paddle,,,,6 weeks.,"Access to Business Network, Access to Network of Experts, Financial Investment, Invitation to Exclusive Events, Mentoring, Technical Expertise",Green,The programme is for AI businesses.,Applicants must meet the following criteria: Be developing a product that has AI features or is built on top of natural language processing or machine learning Have a minimal viable product Have a growing customer/user base Be showing signs of market traction and have potential for growth,,https://www.paddle.com/ai-launchpad,,United Kingdom,Islington,London,"Judd House
18-29 Mora Street
London
England
EC1V 8BT",EC1V 8BT,,,
DigitalHealth.London Evidence Generator Bootcamp,https://platform.beauhurst.com/acceleratormanager/vwhay4/accelerator/tcbx3i/,DigitalHealth.London,,UK Shared Prosperity Fund (UKSPF),,12 weeks.,"Access to Alumni Network, Access to Business Network, Access to Network of Experts, Workshops",Green,The programme supports startups in the digital health sector.,Applicants must meet the following criteria: Be a digital health SME Be registered with Companies House Be based in London Be about to/have already launched a product into the NHS Have a product/service that has a high potential to meet NHS and social care challenges,,https://digitalhealth.london/programmes/generator,,United Kingdom,Southwark,London,"Health Innovation Network
Minerva House
5 Montague Close
London
SE1 9BB",SE1 9BB,2,,2024-04-09
Hydrogen Sensor Accelerator,https://platform.beauhurst.com/acceleratormanager/yaht5t/accelerator/etjrc7/,Digital Catapult,,,,8 weeks.,"Access to Business Network, Access to Network of Experts, Business Advice, Invitation to Exclusive Events, Marketing support, Mentoring, Product Development, Technical Expertise",Green,The programme is for businesses developing hydrogen sensor technology.,"Applicant's must be: Working in, or are looking to enter the UK hydrogen market. A UK based registered company, or prove they have an establishment in the UK and undertake the activity in the UK. Considered an SME by the EU’s definition. Eligible to receive up to £20,000 in Special Drawing Rights/De Minimis Aid Able to attend all of the activities as stated in Programme Obligations",,https://www.digicatapult.org.uk/expertise/programmes/programme/hydrogen-sensor-accelerator-programme/,,United Kingdom,Camden,London,"101 Euston Road
London
NW1 2RA",NW1 2RA,1,,2024-01-30
CBIT Venture Builder,https://platform.beauhurst.com/acceleratormanager/t9rawu/accelerator/rp54ym/,Centre for Business and Industry Transformation,,,,6-10 months.,"Access to Investor Network, Access to Network of Experts, Mentoring, Product Development, Workshops",Green,The programme supports disruptive entrepreneurs to develop their business.,Applicant companies must be based in the UK.,,https://cbitvb.uk/vbprogramme/,,United Kingdom,Nottingham,East Midlands,"50 Shakespeare St
Nottingham",NG1 4FQ,10,,2024-08-15
Biomedical Catalyst Neurotech Accelerator,https://platform.beauhurst.com/acceleratormanager/sje4ri/accelerator/fa2g86/,We are Pioneer Group,"The Helix Way, Innovate UK (IUK), UKRI Medical Research Council",,,8 weeks.,"Access to Finance, Access to Investor Network, Access to Network of Experts, Financial Investment, Mentoring, Product Development, Workshops",Green,The programme is for companies working in the neurotech sector.,Applicants must meet the following criteria: Be a UK-based SME or an academic in the early stages of forming an SME Be developing an innovative project or process in the neurotechnology space Be interested in grant funding to support product development and exploration of commercial viability,,https://thepioneergroup.com/biomedical-catalyst-neurotech-accelerator-programme/,,United Kingdom,Westminster,London,"St Christopher’s House
27 St Christopher’s Place
London
W1U 1NZ",W1U 1NZ,1,,2023-09-05
Accelerated Growth Start-Up Accelerator Programme,https://platform.beauhurst.com/acceleratormanager/nxhmyy/accelerator/cgmfff/,Business Wales,,,2024-08-19,12 weeks.,"Access to Business Network, Access to Network of Experts, Access to Political Network, Business Advice, Invitation to Exclusive Events, Mentoring, Technical Expertise, Workshops",Green,The programme is for entrepreneurs aiming to turn their business idea into an operational business.,Applicants must: Be based in Wales Have a pre-revenue business idea Be aiming to achieve over £1m in annual turnover by 2028 Be aiming to have ten full-time employees by 2028,,https://businesswales.gov.wales/news-and-blog/aspiring-welsh-entrepreneurs-urged-apply-ground-breaking-start-accelerator-programme,,United Kingdom,Conwy,Wales,"Welsh Government Sarn Mynach
Llandudno Junction
LL31 9RZ",LL31 9RZ,9,,2025-05-31
Growth Forge,https://platform.beauhurst.com/acceleratormanager/cbj79q/accelerator/i4vq2n/,Tech South West,,,,8 months.,"Access to Business Network, Access to Investor Network, Access to Network of Experts, Financial Planning, Marketing support, Mentoring, Technical Expertise, Workshops",Green,The programme is for technology businesses looking for growth support.,Applicants must be tech companies based in the South West.,,https://www.techsouthwest.co.uk/growthforge/,,United Kingdom,Exeter,South West,"6 Northernhay Place
Exeter
EX4 3QJ",EX4 3QJ,,,
26ForCOP26,https://platform.beauhurst.com/acceleratormanager/5mgqcv/accelerator/q9dmdy/,Greenbackers Investment Capital,"Michelin Scotland Innovation Parc, Brown Rudnick, The CivTech Alliance, The Solar Impulse Foundation",,,6 months.,"Access to Investor Network, Investment Assistance, Invitation to Exclusive Events",Green,The programme is for CleanTech startups looking to secure investment ahead of the UN Climate Change Conference (COP26).,Applicants must be operating in the clean technology industry.,,https://greenbackers.com/greenbackers-investment-capital-announces-final-cohort-for-its-26forcop26-cleantech-investment-program,,United Kingdom,Glasgow City,West of Scotland,"First Floor
Barclays Eagle Labs
BECO Building
58 Kingston St
Glasgow
G5 8BP",G5 8BP,15,,2021-05-20
AI SuperConnector (AISC),https://platform.beauhurst.com/acceleratormanager/gnjpsv/accelerator/bkh5fw/,Imperial College London,,,,6 months.,"Access to Business Network, Access to Investor Network, Access to Network of Experts, Business Education, Corporate Resources, Financial Investment, Invitation to Exclusive Events, Mentoring, Product Development",Green,The programme is for early career researchers looking to launch and commercialise AI technology startups.,"Applicants must meet the following criteria: Be an early career researcher looking to explore commercialisation or licensing of technology Be developing AI technology that is at a minimum proof of concept stage Be based at one of Imperial College London, University of Liverpool, University of Leeds or University of York",,https://aisuperconnector.com/,https://www.linkedin.com/company/103120421,United Kingdom,Westminster,London,"Great Portland Street
London
W1W 5PF",W1W 5PF,5,,2024-07-12
Sustainability Bridge,https://platform.beauhurst.com/acceleratormanager/ci4mhd/accelerator/pbee7x/,Barclays Eagle Labs,Codebase,,,7 months.,"Access to Business Network, Access to Network of Experts, Business Advice, Mentoring, Workshops",Green,"This programme is for companies that work across the transportation sectors, including: fleet management, EV networks, logistics, micro mobility, last mile delivery and city transportation. The programme is designed to connect start-ups and established businesses. ",Applicants must meet the following criteria: Contributing to the transition to Net Zero. Working to support low-carbon transport systems. Promoting micro-mobility.,,https://labs.uk.barclays/what-we-offer/our-programmes/industry-bridge/sustainability-bridge/,,United Kingdom,Tower Hamlets,London,"1 Churchill Place
London
E14 5HP",E14 5HP,3,,2024-07-02
Oncology Development Programme,https://platform.beauhurst.com/acceleratormanager/dztnxs/accelerator/2w3b8j/,Lean Life Science,,Innovate UK,,5 months.,"Access to Business Network, Access to Finance, Access to Investor Network, Access to Network of Experts, Financial Investment, Mentoring, Product Development",Green,The programme is for early-stage health and life science innovation businesses working in the field of oncology.,Applicants must be UK based and developing innovations in the field of oncology.,,https://leanlifescience.com/programme/,,United Kingdom,Cheshire East,North West,"1S32 Alderley Park
Nether Alderley
Macclesfield
SK10 4TG",SK10 4TG,1,,
Modernising Energy Data Applications (MEDApps),https://platform.beauhurst.com/acceleratormanager/fturqa/accelerator/d8gvv3/,Energy Systems Catapult,,UK Research and Innovation,,13 months.,"Access to Business Network, Access to Customer Network, Access to Finance, Business Advice, Product Development",Green,The programme is for companies working in the energy data sector.,"For Phase 1, applicants must be working on a project to deal with challenges of the energy transition. For Phase 2, applicants must be developing the data applications related to the proposed project. ",,https://es.catapult.org.uk/case-study/modernising-energy-data-applications/,,United Kingdom,Birmingham,West Midlands,"7th Floor, Cannon House
Priory Queensway
Birmingham",B4 6BS,5,,2021-09-30
Airbus Space Accelerator,https://platform.beauhurst.com/acceleratormanager/eyfvwa/accelerator/zvck2q/,Plexal,,,,14 weeks.,"Access to Business Network, Access to Network of Experts, Co-working Space, Invitation to Exclusive Events, Mentoring, Product Development, Technical Expertise, Workshops",Green,The programme is for companies developing technology with potential applications in space.,"The programme is for hardware and software technology companies based in a NATO member state, Australia or New Zealand,  with a focus on the following key areas: Quantum/photonics & future comms networks  Space domain awareness  Propulsion  Sensors  Space exploration/adjacent sectors ",,https://www.plexal.com/our-work/airbus-space-accelerator/,,United Kingdom,Stevenage,East of England,"Gunnels Wood Rd
Stevenage",SG1 2AS,9,,2024-09-19
King's Spinout Accelerator,https://platform.beauhurst.com/acceleratormanager/5ke2ym/accelerator/359dst/,King's College London,,,,12 months.,"Access to Alumni Network, Access to Investor Network, Access to Network of Experts, Business Advice, Mentoring, Office Space, Technical Expertise, Workshops",Green,The program supports the commercialisation of innovations developed from research at King's College London.,"Applicant businesses and business ideas must be led by King’s College staff or students actively engaged in research projects.  Applicants can be at any stage of development including initial research and exploration of potential, to scaling. Research areas should aim to benefit society, improve quality of life, or positively impact health or the environment.",,https://www.kcl.ac.uk/entrepreneurship/scale-your-venture/spinouts,,United Kingdom,Westminster,London,"King's College London
Strand
London
WC2R 2LS
United Kingdom",WC2R 2LS,3,,2024-07-11
TIC Venture Programme,https://platform.beauhurst.com/acceleratormanager/fptd4g/accelerator/5ry9wc/,Turing Innovation Catalyst Manchester,Conception X,,,9 months.,"Access to Finance, Access to Investor Network, Access to Network of Experts, Investment Assistance, Invitation to Exclusive Events, Marketing support, Mentoring, Technical Expertise, Workshops",Green,The programme is for Manchester-based startups developing AI products and services with a PhD candidate founder.,"Applicants must meet the following criteria: Have a founder who is a PhD candidate At Pre-seed, Seed or Series A stage Based in Greater Manchester Developing DeepTech AI services or products with a positive social or environmental impact",,https://ticmanchester.org/programmes/venture-programme/,https://www.linkedin.com/company/98337091,United Kingdom,Manchester,North West,"Christabel Pankhurst Institute
Dover St
Manchester
M13 9PS",M13 9PS,5,,2024-09-04
Future Fifty,https://platform.beauhurst.com/acceleratormanager/yb9zni/accelerator/7nzaba/,Founders Forum,"Orrick, HSBC Innovation Banking, Dubai Department of Economy and Tourism, Airwallex, Evelyn Partners, Think & Grow",,,4 months.,"Access to Alumni Network, Access to Network of Experts, Educational Support, Invitation to Exclusive Events, Mentoring",Green,"The programme is for later stage companies focusing on access, growth and wellbeing in order to remove barriers and become household brands. This programme is the successor of Future Fifty .",Applicants must meet the following criteria: Have previously raised Series B funding Headquartered in the UK Generate £5m revenue a year or be showing 50% year on year growth Business focus on digital/tech enabled services and products,,https://technation.io/programmes/future-fifty/,https://www.linkedin.com/company/2643737,United Kingdom,City of London,London,"3 Finsbury Avenue
London
EC2M 2PA",EC2M 2PA,73,,2025-09-11
Accelerate,https://platform.beauhurst.com/acceleratormanager/xciddb/accelerator/kx7t3e/,Science Creates,,UK Research and Innovation,,9 weeks.,"Access to Alumni Network, Access to Finance, Access to Investor Network, Access to Network of Experts, Business Advice, Business Education, Co-working Space, Financial Planning, Investment Assistance, Mentoring, Technical Expertise",Green,"This programme looks to develop engineering biology ideas and technology from an early stage, to be ready to apply for UKRI funding.","Applicants must meet the following criteria: Have the right to work in the UK, Be living in the UK for the duration of the programme, UK-registered company, or aim to have one by the end of the programme, Be looking to develop an idea in the engineering biology, which the programme defines as: ""the application of rigorous engineering principles to the design of biological systems"", Be looking to develop an idea which is at  UKRI Technology Readiness Level of TLR 6 or below, with lower TLR ideas given preference, Be eligible for the feasibility funding at the end of the programme, meaning previous funding, plus £50,000 on offer, will not exceed £315,000, or €200,000 for Northern Irish based companies.",,https://www.accelerate.sciencecreates.co.uk/,,United Kingdom,"Bristol, City of",South West,"Science Creates 
Old Market
Midland Road
Bristol
BS2 0NS",BS2 0NS,12,,2024-06-19
Innovators Club,https://platform.beauhurst.com/acceleratormanager/enpfdf/accelerator/4enphu/,Science Entrepreneur Club,,,,10 weeks.,"Access to Investor Network, Invitation to Exclusive Events, Mentoring, Workshops",Green,"The programme is for early-stage life science companies, with a desire to scale and make real-world impact.","Applicants must meet the following criteria: Be a registered UK company Be a member of the BioFounder Club Be willing and able to travel to London for in-person events and workshops Whilst not a direct eligibility requirement, the companies that benefit the most from the programme are those at pre-seed stage or those who have raised less than £1m to date.",,https://www.science-entrepreneur.com/innovators-club,,United Kingdom,Camden,London,"Unit 6 Co-Laboratories
Cedar Way Industrial Estate
London
N1C 4PD",N1C 4PD,4,,2024-09-19
Regenerative Farming Accelerator Programme,https://platform.beauhurst.com/acceleratormanager/5x8djh/accelerator/g29tg7/,Bright Tide,"Kennedys Law, CreditNature, boatfolk, Barclays, Ecosulis, NextEnergy Group, Muzinich & Co. Limited, Bankers for NetZero, Cadman Capital Group, Business and Sustainable Enterprise (BaSE), Hogan Lovells",,,8 weeks.,"Access to Business Network, Access to Customer Network, Access to Investor Network, Access to Network of Experts, Business Advice, Business Education, Investment Assistance, Invitation to Exclusive Events, Legal Services",Green,The programme is for regenerative farming businesses to develop and connect to the private sector.,Applicants must be operating in the regenerative farming sector.,,https://www.bright-tide.co.uk/regenerativefarming,,United Kingdom,Kensington and Chelsea,London,"25 Ives Street
London
United Kingdom
SW3 2ND",SW3 2ND,12,,2024-03-18
PraeSeed Cohort Investment Programme,https://platform.beauhurst.com/acceleratormanager/r7n4ez/accelerator/wyf7pi/,Praetura,,PraeSeed,,6 weeks.,"Access to Investor Network, Access to Network of Experts, Business Advice, Educational Support, Financial Investment, Invitation to Exclusive Events, Mentoring, Workshops",Green,This programme is for startups in any sector in the North of England looking for investment to support growth.,Applicants must meet the following criteria: L ocated in the North of England or looking to relocate to the North Have less than £100k in revenue,0161 250 3838,https://www.praeturaventures.com/praeseed/,,United Kingdom,Manchester,North West,"Level 8, Bauhaus
27 Quay Street
Manchester
M3 3GY",M3 3GY,23,7,2025-06-09
Scaleup - Cambridge Business School,https://platform.beauhurst.com/acceleratormanager/ci4mhd/accelerator/nw8auv/,Barclays Eagle Labs,,,,4 months.,"Access to Network of Experts, Business Advice, Mentoring, Workshops",Green,The programme is to support the growth of technology scale up businesses.,Applicants must meet the following criteria:  Have scaleup potential (annual revenue/sales more than £1m) Have more than 10 employees Positive cashflow and/or backed by Venture Capitalist/Angel investors (more than £1m),,https://labs.uk.barclays/what-we-offer/our-programmes/scaleup-cjbs/,,United Kingdom,Tower Hamlets,London,"1 Churchill Place
London
E14 5HP",E14 5HP,2,,2024-05-07
Quantum Technology Access Programme (QTAP),https://platform.beauhurst.com/acceleratormanager/yaht5t/accelerator/mhn9jz/,Digital Catapult,Innovate UK (IUK),,,6 months.,"Access to Alumni Network, Access to Business Network, Access to Network of Experts, Educational Support, Invitation to Exclusive Events, Technical Expertise, Workshops",Green,"The programme is for companies aiming to understand quantum computing concepts, and to develop industry applications promoting adoption and commercialisation of quantum computing. The programme is in collaboration with the Innovate UK Industry Strategy Challenge Fund (ISCF) funded project, Quantum Data Centre of the Future.","Applicants from various sectors can apply including: Automotive Advanced manufacturing Energy Construction Transportation Telecoms Media and entertainment Material science Pharmaceutical However, a decent level of technical aptitude is needed for the programme in order to run quantum simulations.",,https://www.digicatapult.org.uk/programmes/programme/quantum-technology-access-programme/,,United Kingdom,Camden,London,"101 Euston Road
Euston Road
London
NW1 2RA",NW1 2RA,14,,2024-11-28
Station Innovation Zone,https://platform.beauhurst.com/acceleratormanager/xa3z6j/accelerator/ek7dq5/,Connected Places Catapult,,Innovate UK,,8 months.,"Access to Business Network, Financial Investment, Invitation to Exclusive Events, Mentoring, Product Development",Green,"The programme is for SMEs developing innovative solutions designed to improve passenger experience at train stations, with a focus on safety, efficiency, sociability and sustainability.","Applicants must meet the following criteria: Be a UK registered businesses, preferably based in the West of England Be developing an innovation that is at least technology readiness level 5 Be developing a solution that addresses one of the identified challenge areas Be willing to travel for meetings in Bristol",,https://cp.catapult.org.uk/station-innovation-zone/,,United Kingdom,Islington,London,"The Urban Innovation Centre
One Sekforde Street
London
EC1R 0BE",EC1R 0BE,9,,2023-01-31
National Highways Roadworks,https://platform.beauhurst.com/acceleratormanager/xa3z6j/accelerator/tb6ca8/,Connected Places Catapult,National Highways,Connected Places Catapult,,6 months.,"Access to Network of Experts, Financial Investment, Mentoring, Technical Expertise",Green,The programme is for small enterprises to develop ideas that would reduce the impact of roadworks on communities and motorists.,Applicants must meet the following criteria: Be a small enterprise Have an idea related to tackling roadworks,,https://cp.catapult.org.uk/news/innovators-take-aim-at-roadworks-pain-national-highways-competition-winners-announced/,,United Kingdom,Islington,London,"The Urban Innovation Centre
One Sekforde Street
London
EC1R 0BE",EC1R 0BE,8,,2023-01-31
Clean Futures,https://platform.beauhurst.com/acceleratormanager/xa3z6j/accelerator/ingbzm/,Connected Places Catapult,,,,6 months,"Access to Business Network, Access to Customer Network, Access to Investor Network, Business Advice, Financial Investment, Invitation to Exclusive Events, Mentoring, Technical Expertise",Green,The programme is for West Midlands businesses operating in the transport sector developing innovative CleanTech solutions.,"Applicants must meet the following criteria: Have a UK company address Be developing an innovative technology/solution with a technology readiness level of 5 or above that has a demonstrable impact within the West Midlands Be able to develop, test and/or demonstrate the solution using the BCIMO or Coventry University test site facilities Be able to demonstrate alignment to one of the programme challenges Be able to travel for meetings and events in the West Midlands",,https://cp.catapult.org.uk/opportunity/clean-futures-accelerator-2/,,United Kingdom,Islington,London,"The Urban Innovation Centre
One Sekforde Street
London
EC1R 0BE",EC1R 0BE,37,,2024-08-19
Milton Keynes Accelerator,https://platform.beauhurst.com/acceleratormanager/xa3z6j/accelerator/hzke9f/,Connected Places Catapult,"True Altitude, Amey, Milton Keynes Council, Socius, Foundry Europe, centre:mk",,,6 months.,"Access to Business Network, Access to Customer Network, Access to Investor Network, Access to Network of Experts, Business Advice, Business Education, Corporate Resources, Investment Assistance, Mentoring, Product Development, Technical Expertise",Green,"The programme is for SMEs looking to develop an innovation in Milton Keynes, in one of the following focus areas: Connecting Milton Keynes, Decarbonising Milton Keynes, Connected Community.","Applicants must meet the following criteria: Be an SME, Have a UK registered company, or be looking to register in the UK, Be interested in working and trialling innovations in Milton Keynes, Be willing to travel to Milton Keynes once a month, Be working towards one of the following challenges: Connecting Milton Keynes, Decarbonising Milton Keynes, Connected Community. Be working on an innovative data or digital solution, Be at technology readiness level (TRL) 6 or higher - preferably between 6 and 8.",,https://community.cp.catapult.org.uk/en/page/mk-accelerator-en,,United Kingdom,Milton Keynes,South East,"170 Midsummer Boulevard
3rd floor
The Pinnacle
Milton Keynes
England 
MK9 1BP",MK9 1BP,8,,2022-06-30
National Highways Low Carbon Materials,https://platform.beauhurst.com/acceleratormanager/xa3z6j/accelerator/q5x564/,Connected Places Catapult,National Highways,Connected Places Catapult,,11 months.,"Access to Business Network, Access to Customer Network, Business Education, Educational Support, Financial Investment, Investment Assistance, Invitation to Exclusive Events, Marketing support, Mentoring, Product Development",Green,The programme is for businesses developing trials to address the advancement to net zero in road construction and maintenance. The programme consists of two phases. Companies participating in Phase 1 may be selected to take part in Phase 2.,"Applicants should have ideas that address one of the key areas: Application or development of alternative materials and techniques Improving asset management decision-making Contributions to reusing, redeploying and recycling construction materials and assets Companies of any size can apply but larger businesses are ineligible for funding.",,https://cp.catapult.org.uk/news/innovations-sought-to-help-national-highways-on-road-to-net-zero/,,United Kingdom,Islington,London,"The Urban Innovation Centre
One Sekforde Street
London
EC1R 0BE",EC1R 0BE,7,,2023-07-31
Freight Innovation Fund,https://platform.beauhurst.com/acceleratormanager/xa3z6j/accelerator/garesb/,Connected Places Catapult,Department for Transport (DfT),,,6 months.,"Access to Business Network, Business Advice, Financial Investment, Investment Assistance, Mentoring, Product Development, Technical Expertise",Green,The programme is for small and medium enterprises working in the freight sector. ,Applicants must meet the following criteria: Must be an SME Must be addressing one of the challenges Have Technology Readiness Level 5+ Have a UK registered company Must be looking to test solutions in a real environment,,https://cp.catapult.org.uk/opportunity/freight-innovation-fund-accelerator-2024/,,United Kingdom,Islington,London,"The Urban Innovation Centre
One Sekforde Street
London
EC1R 0BE",EC1R 0BE,28,,2024-09-30
National Highways Hazard Protection,https://platform.beauhurst.com/acceleratormanager/xa3z6j/accelerator/wpv5te/,Connected Places Catapult,,,,3 months.,"Access to Business Network, Business Advice, Financial Investment, Invitation to Exclusive Events, Mentoring, Product Development, Technical Expertise, Workshops",Green,The programme is for companies developing solutions to prevent road hazards. ,Applicants must meet the following criteria:  Must be a micro or small to medium enterprise with less than 250 employees Must be UK registered Must be addressing one of the challenge Have Technology Readiness Level 6+ Must be looking to develop product in a real environment Must be willing to travel,,https://cp.catapult.org.uk/opportunity/national-highways-hazard-protection-on-roads-accelerator/,,United Kingdom,Islington,London,"The Urban Innovation Centre
One Sekforde Street
London
EC1R 0BE",EC1R 0BE,7,,2024-03-31
Advanced Investor Readiness (AIR) Programme,https://platform.beauhurst.com/acceleratormanager/ghci8h/accelerator/vqdbwk/,Bayes Centre DDE Innovation,,,,4 months.,"Access to Alumni Network, Access to Business Network, Access to Investor Network, Business Education, Invitation to Exclusive Events, Mentoring, Workshops",Green,The programme is for tech entrepreneurs looking to engage effectively with potential investors.,Applicants must b e post-revenue with global ambitions and b e seeking further investment. Applicants must be a technology company operating in one of the following sectors: AI & Data Science Creative Design & MediaTech Energy Climate & CleanTech Fintech & Cyber Security Internet of Things OneHealth Robotics & Autonomy Satellites & SpaceTech Smart Cities & Mobility Tourism & Festivals,,https://bayes-centre.ed.ac.uk/accelerating-entrepreneurship/air,,United Kingdom,City of Edinburgh,East of Scotland,"Bayes Centre
47 Potterrow
Edinburgh
EH8 9BT",EH8 9BT,4,,2024-01-01
ASCEND Scale Up,https://platform.beauhurst.com/acceleratormanager/tfmfka/accelerator/t45uct/,GM Business Growth Hub,KPMG,,,9 months.,"Access to Business Network, Access to Finance, Access to Investor Network, Access to Network of Experts, Business Advice, Invitation to Exclusive Events, Mentoring, Workshops",Green,The programme supports high-growth businesses in Greater Manchester.,"Applicants should meet the following criteria: Based in Greater Manchester Has a team of at least 10 people Growing at 20% year-on-year Brings in a minimum annual revenue of £250,000",,https://www.businessgrowthhub.com/programmes/ascend-scale-up,,United Kingdom,Manchester,North West,"Lee House
90 Great Bridgewater Street
Manchester
M1 5JW",M1 5JW,30,,2026-04-30
Black Entrepreneurs' Awards,https://platform.beauhurst.com/acceleratormanager/q24z5g/accelerator/nimkkc/,KPMG,,KPMG Black Entrepreneurs’ Awards,,12 months.,"Access to Finance, Access to Network of Experts, Financial Investment, Media Exposure, Mentoring, Workshops",Green,The programme supports businesses with black founders.,Applicant companies must meet the following criteria: Be a registered company in the UK At the minimum the company must have a viable product/service. Has been actively operating for at least 3 months Not be majority owned by a large corporate The fund is also looking for the following attributes when identifying ideal candidates: Disruption and innovation Market potential Quality of pitch Traction,,https://kpmg.com/uk/en/home/services/environmental-social-governance/black-entrepreneurs-award.html,,United Kingdom,Tower Hamlets,London,"15 Canada Square, London",E14 5GL,3,,2024-10-22
Accelerate ME Programme,https://platform.beauhurst.com/acceleratormanager/7bcser/accelerator/rmb98q/,Accelerate ME,,,,12 weeks.,"Access to Alumni Network, Access to Network of Experts, Financial Investment, Mentoring, Office Space, Workshops",Green,The programme is for student start-ups looking to accelerate their growth.,"Applicants must be a student, staff or recent alumni of Manchester Universities or other universities located in Northern England.",,https://accelerateme.co/Programme,https://www.linkedin.com/company/2234200,United Kingdom,Manchester,North West,"Bonded Warehouse
18 Lower Byrom St
Manchester
Greater Manchester
M3 4AP",M3 4AP,1,,
Creative Business Accelerator,https://platform.beauhurst.com/acceleratormanager/95jgks/accelerator/h3stdw/,University of the Arts London,,,,4 months.,"Access to Business Network, Brand Development, Business Advice, Financial Investment, Financial Planning, Mentoring, Product Development, Workshops",Green,This programme is for UAL graduates building startups in the creative sector.,Applicants must meet the following criteria: Be a UAL graduate within the last 5 years Be a founder or co-founder of a business trading in the UK Be based in UK and able to attend in person and participate fully in the programme Developing a creative business/ product  Have at least one year enterprise experience  Demonstrate proof of income for your business/product idea Have an existing customer/client base,,https://www.arts.ac.uk/students/student-careers/awards-funding-and-support/creative-business-accelerator,,United Kingdom,Camden,London,"272 High Holborn
London
WC1V 7EY",WC1V 7EY,1,,2024-07-11
Climate Entrepreneurs,https://platform.beauhurst.com/acceleratormanager/5ya7k3/accelerator/qsa7mx/,Climate Entrepreneurs Club,"Entrepreneur First, P.E.S. Technologies, Mission Zero Technologies, Climate VC",,,9 weeks.,"Access to Investor Network, Access to Network of Experts, Business Advice, Mentoring, Workshops",Green,The programme is for students looking to develop a climate tech startup. ,Applications are open to all university students who demonstrate strong entrepreneurial potential and a high ambition to tackle environmental challenges. ,,https://www.climateentrepreneurs.uk/pre-accelerator-2024,,United Kingdom,Westminster,London,"South Kensington
London
SW7 2AZ",SW7 2AZ,1,,2024-01-15
AI in Health,https://platform.beauhurst.com/acceleratormanager/sje4ri/accelerator/2ibp56/,We are Pioneer Group,"UKRI Medical Research Council, Mills & Reeve, The Helix Way",Innovate UK,,8 weeks.,"Access to Finance, Access to Network of Experts, Financial Investment, Invitation to Exclusive Events, Mentoring, Workshops",Green,The programme is for early stage businesses developing AI technology for use within the healthcare industry.,Applicants must meet the following criteria: Be a UK-based SME (according to Innovate UK definitions) or an academic/researcher in the early stages of forming an SME Be developing an innovative project or process in the AI in Health space Be interested in grant funding to support exploration of commercial viability and product development,,https://thepioneergroup.com/ai-in-health-accelerator-programme/,,United Kingdom,Westminster,London,"Pioneer Group
St Christopher’s House
27 St Christopher’s Place
London
W1U 1NZ",W1U 1NZ,17,,2025-01-07
Global Business Innovation Programme (GBIP),https://platform.beauhurst.com/acceleratormanager/ksfm3x/accelerator/b6t74f/,Innovate UK Business Connect,,,,10 days.,"Access to Business Network, Invitation to Exclusive Events, Mentoring, Workshops",Green,"The programme is for SMEs looking to collaborate and scale globally, with each cohort focused on a specific location and sector (e.g. semiconductor companies expanding to Taiwan and south-east Asia).",Applicants must: Be an SME based in the UK Be committed to growing into global markets Be involved in the specific area targeted by the cohort,,https://iuk-business-connect.org.uk/programme/global-business-innovation/,,United Kingdom,Islington,London,"Unit 220
Business Design Centre
Upper Street
Islington
London
N1 0QH",N1 0QH,4,,2025-09-16
Fusion Connect With Capital,https://platform.beauhurst.com/acceleratormanager/dx6wvs/accelerator/dgu9z2/,Entrepreneurial Spark,"Exotopic, UK Space Agency",,,4 months.,"Access to Alumni Network, Access to Business Network, Access to Investor Network, Access to Network of Experts, Business Advice, Business Education, Financial Planning, Mentoring",Green,The programme is for business that use or develop space technology who are looking to raise funds.,Applicants must be based in the UK and be developing or using technology related to the commercial space industry.,,https://www.fusionconnectcapital.co.uk/,,United Kingdom,Glasgow City,West of Scotland,"Entrepreneurial Spark
Ca’D’Oro
45 Gordon Street
Glasgow
G1 3PE",G1 3PE,35,,2025-10-24
CyberBoost Catalyse,https://platform.beauhurst.com/acceleratormanager/eyfvwa/accelerator/saac6r/,Plexal,"Cyber Security Agency of Singapore, National University of Singapore",,2025-02-14,24 weeks.,"Access to Investor Network, Access to Network of Experts, Business Advice, Co-working Space, Invitation to Exclusive Events, Mentoring, Workshops",Green,"This programme is for cyber startups located in Singapore or willing to relocate to Singapore, wanting to grow internationally.",Applicants must meet the following criteria: Have more than 10 full time employees Be a product based cyber security company Headquartered in Singapore or have a willingness to be incorporated in Singapore by the end of 2025 Be revenue generating Demonstrate product market fit,,https://www.plexal.com/our-work/cyberboost-catalyse/,,United Kingdom,Hackney,London,"14 East Bay Lane
The Press Centre
Here East
Queen Elizabeth Olympic Park
Stratford
London 
E15 2GW",E15 2GW,2,,2024-09-17
Lloyd's Lab,https://platform.beauhurst.com/acceleratormanager/s2hsi7/accelerator/xpsd9y/,Lloyd's of London,,,,10 weeks.,"Access to Business Network, Access to Customer Network, Access to Network of Experts, Co-working Space, Mentoring, Product Development, Workshops",Green,The programme supports InsurTech businesses.,Applicant companies must meet the following criteria: Solves a problem or creates opportunities for Lloyd’s market with a clear use-case.,,https://www.lloyds.com/news-and-insights/lloyds-lab/insurtech/lloyds-lab-accelerator,,United Kingdom,City of London,London,"One Lime Street 
London 
EC3M 7HA 
UK",EC3M 7HA,3,,2026-03-16
Allia Impact Accelerator,https://platform.beauhurst.com/acceleratormanager/ekvgs9/accelerator/7c4kez/,Allia Impact,,Allia Impact Fund,,5 months.,"Access to Alumni Network, Access to Finance, Access to Investor Network, Access to Network of Experts, Co-working Space, Mentoring, Workshops",Green,The programme is for late pre-seed or seed impact UK-based start-ups.,Applicant companies must meet the following criteria: Have an MVP Must demonstrate traction Looking to develop the next stage of growth,,https://futurebusinesscentre.co.uk/programmes/allia-impact-accelerator-diversity-and-disability-inclusion/,,United Kingdom,Cambridge,East of England,"Allia Future Business Centres Ltd
King’s Hedges Road
Cambridge
CB4 2HY",CB4 2HY,1,,2023-01-23
Google for Startups Cloud Program,https://platform.beauhurst.com/acceleratormanager/ncekav/accelerator/ad55a7/,Google for Startups,,,,10 weeks.,"Access to Alumni Network, Access to Business Network, Access to Investor Network, Access to Network of Experts, Mentoring, Product Development, Technical Expertise, Workshops",Green,"The programme runs two tiers (Startup and scale) to its Startups Cloud AI programme, supporting AI and Web3 businesses.","Applicants for the startup tier must meet the following criteria: Technology startup not yet funded by an institutional investor Founded within the last 5 years Not yet received Google Cloud credits (beyond the free trial) Applicants for the scale tier must meet the following criteria: Received startup equity funding from pre-seed to series A (if series A, raised within the last 12 months) by an institutional investor or common Web3 funding sources Founded within the last 10 years Not yet received more than $5,000 in Google Cloud credits",,https://cloud.google.com/startup,,United Kingdom,Islington,London,"Runway East
52 Tabernacle Street
London
EC2A 4NJ",EC2A 4NJ,4,,2025-03-30
Infinity G,https://platform.beauhurst.com/acceleratormanager/47smn4/accelerator/8kufb6/,University of Glasgow,Filament STAC,UK Shared Prosperity Fund (UKSPF),,13 weeks.,"Access to Finance, Access to Network of Experts, Co-working Space, Invitation to Exclusive Events, Mentoring, Workshops",Green,"This programme is for DeepTech companies looking to commercialise their products, with an aim of achieving a global impact on society.",Applicants must meet the following criteria: Have identified a scalable market opportunity Have identified Intellectual Property Have received basic positive market and or product validation Have developed a prototype and or an initial data set,,https://infinity-g.com/the-programme/,https://www.linkedin.com/company/104599213,United Kingdom,Glasgow City,West of Scotland,Glasgow,G12 8QQ,9,1,2025-10-26
Local Authority Transport Decarbonisation accelerator,https://platform.beauhurst.com/acceleratormanager/xa3z6j/accelerator/qhs4t4/,Connected Places Catapult,"Adur & Worthing Councils, Cardiff County Council, England’s Economic Heartland",,,6 months.,"Access to Business Network, Access to Investor Network, Business Advice, Marketing support",Green,"The programme is split into three challenges and is for SMEs in local areas, aiming to support place-based net zero challenges. Challenge 1 - Decarbonisation of refuse collection vehicles Challenge 2 -  Incentivising the transition of taxis to EV Challenge 3 -  Understanding the impact of local transport policy changes","Applicants must meet the following criteria: be a micro, small or medium sized business (SME) have a registered office in the UK have a product/service that addresses one of the programme's identified challenges have a product at technology readiness level (TRL) 7 be willing to travel for face to face meetings",,https://cp.catapult.org.uk/opportunity/local-authority-transport-decarbonisation-accelerator-24-25/,,United Kingdom,Islington,London,"1 Sekforde Street
London
EC1R 0BE",EC1R 0BE,6,,2024-10-28
Breathable Cities,https://platform.beauhurst.com/acceleratormanager/vxzgd8/accelerator/hwagsf/,Growth Studio,Impact on Urban Health,Growth Studio,,14 weeks.,"Access to Investor Network, Access to Network of Experts, Business Education, Mentoring, Technical Expertise, Workshops",Green,This programme is for startups developing products aimed at preventing and/or reducing air pollution in urban environments.,"Applicants must meet the following criteria: Have a minimum viable product Be registered in the UK Are Seed to Series A Looking to raise money now or soon after completing the programme Preferably fits into one of the four main focus areas: freight, transport, construction, industry and indoor air pollution, but ideas outside of the focus areas can still apply",,https://www.growthstudio.com/programme/breathable-cities-2-0/,,United Kingdom,Westminster,London,"FORA Soho
33 Broadwick Street
London
W10QD",W10QD,9,,2023-07-21
Quick Labs Accelerator Programme,https://platform.beauhurst.com/acceleratormanager/d66h9k/accelerator/uvqqcy/,Quick Labs,,UK Shared Prosperity Fund (UKSPF),,4 weeks.,"Access to Finance, Access to Network of Experts, Business Advice, Investment Assistance, Invitation to Exclusive Events, Marketing support, Mentoring, Workshops",Green,"The programme is for entrepreneurs with research in the HealthTech, CleanTech or ClimateTech sectors.",Applicants must be UK residents or have an SME registered in Leeds.,07857 119702,https://www.quicklabs.co.uk/accelerator-programme,,United Kingdom,Leeds,Yorkshire and The Humber,"Unit 4 Industrial Estate
Holbeck Lane
Leeds
LS11 9UN",LS11 9UN,6,,2025-03-03
The Forge,https://platform.beauhurst.com/acceleratormanager/ram89h/accelerator/c8t63r/,Tees Valley Labs,Alt Labs,Tees Valley Combined Authority,,12 weeks.,"Access to Alumni Network, Access to Finance, Access to Network of Experts, Business Advice, Co-working Space, Financial Planning, Legal Services, Mentoring, Product Development",Green,"The programme is for high growth businesses based in the Tees Valley looking to progress from market traction and revenue to achieving investment funding, with particular interest in businesses operating in; AI, Blockchain,  Gaming,   Mobility , Robotics, Space, Sustainability, and  Web3 .","Applicants must meet the following criteria: Be registered and trading in the Tees Valley region Have been actively trading for at least 2 years Be revenue generating and not in a state of insolvency or financial distress Fit into one of the focus sectors; Advanced Manufacturing, Chemical and Process, Health and Life Sciences, Net Zero, Transport and Logistics, and Smart Cities Ideally candidates will also: Be ready to scale and attract investment funding Be open to networking and collaboration Be committed to applying expert guidance and mentorship provided",,https://www.teesvalleylabs.co.uk/forge,,United Kingdom,Middlesbrough,North East,"Alt Labs
20 - 26 Albert Road
Middlesbrough
TS1 1PR",TS1 1PR,3,,2024-12-12
Made Smarter Investment Readiness Programme,https://platform.beauhurst.com/acceleratormanager/yaht5t/accelerator/nzijyv/,Digital Catapult,Innovate UK (IUK),Made Smarter Innovation Challenge,,4 months.,"Access to Customer Network, Access to Finance, Access to Network of Experts, Business Advice, Financial Investment, Investment Assistance, Invitation to Exclusive Events, Marketing support, Mentoring, Product Development, Technical Expertise, Workshops",Green,The programme is for UK based CleanTech companies looking to scale and to impact the country’s manufacturing industry.,"Applicants must meet the following criteria: Be eligible to receive up to £20,000 in state assistance Have a UK business bank account Be looking to raise investment and grow in the next 6-12 months Be registered or have proof of establishment in the UK, where all activity is UK based Be developing products/services that are enabled by one of these advanced digital technologies; Artificial Intelligence, Immersive, Internet of Things, Distributed Ledger Technologies and 5G/Future Networks The programme also looks for: Engagement in technology products/services that focus on resource efficiency and energy efficiency, for applications in the manufacturing sector Companies developing products/services focusing on sustainability with a business plan to enter the manufacturing sector Companies with previous funding from, and completed the Made Smarter Innovation Programme",,https://accelerator.madesmarter.uk/investment-readiness-programme/,,United Kingdom,Camden,London,"Digital Catapult
101 Euston Road
London
NW1 2RA",NW1 2RA,8,,2024-09-30
Fortuna Fellowship,https://platform.beauhurst.com/acceleratormanager/7qx8xj/accelerator/er5275/,The 51% Club,Future Planet Capital Regional,West Midlands Co-Investment Fund (WMCO),,12 months.,"Access to Finance, Access to Network of Experts, Co-working Space, Invitation to Exclusive Events, Mentoring, Workshops",Green,The programme is for female founders of high-growth businesses.,"Applicants must meet the following criteria: Be a female-founded or female-led business Be based in the West Midlands Combined Authority area (Birmingham, Black Country, and Coventry) Be a scalable business, either in the early stages of development with MVP or proof of concept, or already established and ready for growth Demonstrate a strong potential for rapid growth, with the ability to achieve £100k of revenue before the end of the programme",,https://the51percent.club/fortuna-fellowship/,,United Kingdom,Hackney,London,"3rd Floor
86-90 Paul Street
London
EC2A 4NE",EC2A 4NE,1,,2025-04-01
Fintech Growth Programme,https://platform.beauhurst.com/acceleratormanager/geecyh/accelerator/a82y4b/,NatWest,Aspire,,,12 weeks.,"Access to Business Network, Access to Network of Experts, Business Advice, Business Education, Financial Planning, Invitation to Exclusive Events, Mentoring",Green,The programme is for companies operating in the FinTech sector which are capable of building partnerships with NatWest. ,"Applicants must meet the following criteria: Be based in the UK Operate in the FinTech sector Have an existing product or service Be planning to raise a Series A round in the next 12 months Have a track record of working with enterprise clients, or clearly demonstrate potential. It is also preferred if applicants meet the following criteria: Have an active user base Be generating revenue Have raised initial funding, such as a Seed round.",,https://www.natwest.com/business/enterprise/fintech-innovation.html,,United Kingdom,Tower Hamlets,London,"250 Bishopsgate
London
EC2M 4AA",EC2M 4AA,5,,2025-02-18
Immerse Early Stage,https://platform.beauhurst.com/acceleratormanager/j75p2q/accelerator/3hv29t/,FounderVine,,Lloyds Banking Group,,8 weeks.,"Access to Alumni Network, Access to Business Network, Access to Finance, Access to Investor Network, Business Education, Invitation to Exclusive Events, Mentoring, Workshops",Green,The programme aims to guide early-stage businesses to grow and gain investment.,Applicants must: Be a UK-registered business Have evidence of clear proof of traction and have launched their MVP Have been running for at least six months Have generated at least £20k in revenue Have at least one founder or C-Suite member who self-identifies as Black or of Black heritage Be able to attend all masterclasses,,https://www.foundervine.com/our-programmes/immerse-early-stage,https://www.linkedin.com/company/11360753,United Kingdom,Westminster,London,"2 Eastbourne Terrace
London
W2 6QD",W2 6QD,26,,2024-06-30
UCL Edtech Labs,https://platform.beauhurst.com/acceleratormanager/x9fryp/accelerator/5k4nzc/,Startup Labs,"UCL Centre for Digital Innovation, Santander Universities, AWS",,,12 weeks.,"Access to Alumni Network, Access to Business Network, Access to Investor Network, Access to Network of Experts, Business Advice, Business Education, Corporate Resources, Invitation to Exclusive Events, Mentoring, Workshops",Green,The programme is for companies developing EdTech products.,Applicants must: Be developing an EdTech product or service Be able to attend the mandatory in-person days,,https://www.ucledtechlabs.com/,https://www.linkedin.com/company/49130310,United Kingdom,City of London,London,,,1,,2024-04-09
Clean Heat Accelerator,https://platform.beauhurst.com/acceleratormanager/v9ebae/accelerator/xua6gs/,Scottish Enterprise,Carbon Limiting Technologies (CLT),Scottish Enterprise,,21 weeks,"Access to Alumni Network, Access to Business Network, Access to Customer Network, Access to Investor Network, Access to Network of Experts, Business Education, Financial Investment, Investment Assistance, Invitation to Exclusive Events, Mentoring, Workshops",Green,The programme is for small businesses working in areas related to clean heat or energy efficiency for buildings.,"Applicants must b e based in Scotland or have an operational base and employees in Scotland. Applicants must b e developing, manufacturing or installing: Heat pumps Thermal storage Heat networks Solar thermal Biomass Insulation Deep retrofit Sensors Metering Smart controls Energy-efficient heating Energy-efficient building solutions",,https://www.scottish-enterprise.com/support-for-businesses/innovation-digital-and-data/scotlands-energy-transition-opportunity/clean-heat-accelerator-now-closed,,United Kingdom,Glasgow City,West of Scotland,"50 Waterloo Street
Glasgow
G2 6HQ",G2 6HQ,26,,2024-06-27
G-Force Climate Seed Program,https://platform.beauhurst.com/acceleratormanager/pvfm8s/accelerator/sesqpg/,Founders Factory,,G-Force,,6 months.,"Access to Business Network, Access to Investor Network, Access to Network of Experts, Financial Investment, Invitation to Exclusive Events",Green,"The programme is for businesses looking to tackle climate change, focused on one of the following key areas: Decarbonising the grid Fixing food and agriculture Electrifying transportation Cleaning up industry and buildings Protecting nature and removing carbon",Applicants must meet the following criteria: Be at pre-seed or seed stage Have scalable technology Have some early traction Be on an impact-led mission,,https://foundersfactory.com/g-force/,,United Kingdom,Westminster,London,"2 Arundel Street
London
WC2R 3DA",WC2R 3DA,1,,2024-10-21
Evolve,https://platform.beauhurst.com/acceleratormanager/bv6f96/accelerator/brq4aw/,Essex Startups,,Knowledge Gateway Seedcorn Fund,,9 months.,"Access to Investor Network, Access to Network of Experts, Co-working Space, Financial Investment, Invitation to Exclusive Events, Mentoring, Workshops",Green,"The programme is for recent alumni, current students and staff of the University of Essex looking to obtain funding to develop their business.","Applicants must meet the following criteria: Be an alumni, student or member of staff at the University of Essex Be at any stage of development including; having ideas with demonstrable market research, prototypes, already launched products or services or be revenue generating",,"https://www.essex.ac.uk/life/careers/entrepreneurs#:~:text=The%20Big%20Idea-,evolve%20programme,-evolve%20is%20our",,United Kingdom,Colchester,East of England,"University of Essex
Wivenhoe Park
Colchester 
CO4 3SQ",CO4 3SQ,1,2,2022-01-31
Games London Accelerator,https://platform.beauhurst.com/acceleratormanager/znbzyg/accelerator/kq6g7i/,Games London,"Alliotts, Taylor Wessing",,,3 months.,"Access to Business Network, Access to Network of Experts, Invitation to Exclusive Events, Mentoring, Workshops",Green,The programme is for video game studio founders.,"Applicants must meet the following criteria: Be operating a video game studio Be based in London Have released at least one or two video games in the past, or have founders with some level of experience developing and launching video games",,https://games.london/accelerator/,,United Kingdom,City of London,London,London,,1,,2024-04-17
Pioneer Group Launch Programme,https://platform.beauhurst.com/acceleratormanager/sje4ri/accelerator/ji9qm5/,We are Pioneer Group,,,,12 months.,"Access to Business Network, Access to Network of Experts, Invitation to Exclusive Events, Mentoring, Workshops",Green,The programme is for new founders of life science businesses.,Applicants must have attended either the Pioneer Group Accelerator Programme or be joining the programme through ICURe.,,https://thepioneergroup.com/launch-programme/,,United Kingdom,Westminster,London,"St Christopher’s House
27 St Christopher’s Place
London
W1U 1NZ",W1U 1NZ,1,,2025-02-03
CDI Impact Accelerator,https://platform.beauhurst.com/acceleratormanager/4cbq3s/accelerator/z7gjbn/,UCL,,,,3 months.,"Access to Business Network, Access to Network of Experts, Mentoring, Technical Expertise",Green,The programme is for businesses developing sustainable digital innovations on AWS with a significant societal impact on healthcare or education.,"Applicants must be developing a digital solution that: Addresses a real-world problem, has the potential to improve lives with measurable impact, and can be deployed on a significant scale Is backed by evidence, academic research or empirical data, to demonstrate clear identification of needs Demonstrates commercial viability",,https://www.ucl.ac.uk/centre-digital-innovation/impact-accelerator,,United Kingdom,Camden,London,"University College London
Gower Street
London
WC1E 6BT",WC1E 6BT,20,,2025-09-30
Samsung: Solve for Tomorrow,https://platform.beauhurst.com/acceleratormanager/cucqe7/accelerator/xmx2sy/,Samsung,,Samsung Venture Investment,,9 months.,"Access to Business Network, Access to Finance, Financial Investment, Mentoring, Technical Expertise, Workshops",Green,"The programme is for innovators looking to develop tech ideas and products, with an aim of benefitting people or the planet.",Applicants must meet the following criteria: Be aged between 16-25 Must not have received prior financial support exceeding £2000 Be a UK or Irish resident Be applying as an individual or as part of a team of up to 5 people,,https://www.samsung.com/uk/solvefortomorrow/competition/,,United Kingdom,Runnymede,South East,"Samsung House
2000 Hillswood Drive
Chertsey
Surrey
KT16 0RS",KT16 0RS,1,,2020-10-31
Female Founders Incubator,https://platform.beauhurst.com/acceleratormanager/j4gae5/accelerator/6s3rkm/,Bruntwood SciTech,British Business Bank,,,6 months.,"Access to Business Network, Access to Network of Experts, Business Advice, Co-working Space, Invitation to Exclusive Events",Green,The programme is for female-founded technology startups.,Applicants businesses must be female-founded and based in Leeds or Yorkshire.,,https://bruntwood.co.uk/female-founders-incubator/,,United Kingdom,Manchester,North West,"Union
2-10 Albert Square
Manchester
M2 6LW",M2 6LW,1,,2024-10-24
Accelerating FemTech,https://platform.beauhurst.com/acceleratormanager/miwyd3/accelerator/q9kypx/,Health Innovation Network,,Innovate UK,,10 weeks.,"Access to Business Network, Access to Network of Experts, Financial Investment, Mentoring, Workshops",Green,"The programme is for early-stage companies, university spinouts and entrepreneurial-minded academics addressing challenges in women's health.","Applicants must meet the following criteria: Be UK based Be an early-stage company, university spinout or academic entrepreneur Have developed a FemTech solution",,https://healthinnovationnetwork.com/projects/accelerating-femtech/,,United Kingdom,Lambeth,London,"Health Innovation Network
Floor 10, Becket House
1 Lambeth Palace Rd
London
SE1 7EU",SE1 7EU,2,,2024-11-30
Business and Innovation Support Programme,https://platform.beauhurst.com/acceleratormanager/hryysd/accelerator/cgh2qg/,BIG South London,,,,8 weeks.,"Access to Network of Experts, Business Advice, Mentoring, Workshops",Green,"The programme supports the growth of businesses, social enterprises and third sector organisations.","Applicant companies must be based in South London exclusive to the boroughs of Croydon, Kingston, Merton, Richmond and Sutton.",,https://big-knowledge.co.uk/programmes/big-innovation-support-programme/,https://www.linkedin.com/company/71243009,United Kingdom,Wandsworth,London,"Wandsworth Council
The Town Hall
Economic Development Office
Wandsworth High Street
Wandsworth
SW18 2PU",SW18 2PU,1,,2021-11-29
Investment Readiness Accelerator,https://platform.beauhurst.com/acceleratormanager/geecyh/accelerator/et66ip/,NatWest,,,,12 weeks.,"Access to Investor Network, Access to Network of Experts, Mentoring, Workshops",Green,The programme supports SMEs that are looking to receive investment in the near future,Applicants should be an SME seeking investment.,,https://www.linkedin.com/feed/update/urn:li:activity:7349154678313504768/,,United Kingdom,Islington,London,"135 Bishopsgate
London
EC2M 3UR",EC2M 3UR,1,,2024-07-11
Alzheimer’s Society Accelerator Programme,https://platform.beauhurst.com/acceleratormanager/ga7jmw/accelerator/ms8m5a/,Alzheimer’s Society,,Alzheimer's Society,,12 months.,"Access to Finance, Access to Network of Experts, Financial Investment, Mentoring, Product Development, Workshops",Green,The programme supports early-stage businesses that supports people with dementia.,Applicants must meet the following criteria: Be aged 18 or over Be based in the UK Have a product or service aimed at improving the lives of people affected by dementia,,https://www.alzheimers.org.uk/research/our-research/dementia-innovation/accelerator-programme,,United Kingdom,City of London,London,"43-44 Crutched Friars
London
EC3N 2AE",EC3N 2AE,2,,2026-03-19
Cosmic Capital Programme,https://platform.beauhurst.com/acceleratormanager/a27hxm/accelerator/wm946e/,SETsquared,"Space South Central, University of Surrey",UK Space Agency,,12 months.,"Access to Business Network, Access to Finance, Access to Investor Network, Business Education, Invitation to Exclusive Events, Mentoring, Workshops",Green,The programme is for businesses in the space sector who are looking to raise investment.,Applicants must: Be developing upstream or downstream space innovations Be planning to raise investment in the next eighteen months,,https://www.spacesouthcentral.com/cosmic-capital,,United Kingdom,Guildford,South East,"Surrey Research Park
Surrey Technology Centre
40 Occam Road
Guildford
Surrey
GU2 7YG",GU2 7YG,1,,2024-01-28
UK Space Agency Accelerator GovBridge,https://platform.beauhurst.com/acceleratormanager/e8iy2u/accelerator/gffg9b/,UK Space Agency,"Exotopic, Entrepreneurial Spark",,,3 months.,"Access to Business Network, Access to Political Network, Business Education, Workshops",Green,The programme is for  UK Space Agency accelerator  alumni companies who want to access government contracts.,Applicants must: Be an alumnus of a previous UK Space Agency accelerator Be aiming to refine their business to access government contracts,,https://www.ukspaceaccelerator.co.uk/blog/govbridge-connecting-government-and-space,,United Kingdom,Swindon,South West,"Polaris House
N Star Ave
Swindon
SN2 1SZ",SN2 1SZ,25,,2024-08-13
East Renfrewshire Accelerator,https://platform.beauhurst.com/acceleratormanager/iqpjfg/accelerator/9dyfnu/,Business Gateway East Renfrewshire,,,,15 months.,"Access to Network of Experts, Business Advice, Business Education, Co-working Space, Mentoring",Green,"The programme supports businesses based in East Renfrewshire focussing on technological adoption, sustainability and strengthening the local entrepreneurial landscape, and to work towards £250,000 turnover and create at least one new job .",Applicant companies must meet the following criteria: Be based in East Renfrewshire,,https://www.bgateway.com/news/east-renfrewshire-accelerator,,United Kingdom,East Renfrewshire,West of Scotland,"The Greenlaw Works
6 S Greenlaw Way
Newton Mearns
Glasgow
East Renfrewshire
G77 6EF",G77 6EF,1,,2025-07-29
NG Studios,https://platform.beauhurst.com/acceleratormanager/np899n/accelerator/5rs5n9/,Northern Gritstone,"KQ Labs, Deeptech Labs",,,4 months.,"Access to Investor Network, Access to Network of Experts, Business Advice, Business Education, Investment Assistance, Mentoring, Workshops",Green,"The programme provides support and mentoring to companies with founders at Leeds, Manchester, Liverpool or Sheffield universities.","Applicants must be: An early-stage founder Developing a company based on academic research at universities in Leeds, Manchester, Liverpool or Sheffield Developing a technology or product related to the cohort theme",,https://www.northern-gritstone.com/ng-studios,,United Kingdom,Manchester,North West,"No.1 Circle Square
3 Symphony Park
Manchester
M1 7FS",M1 7FS,5,,2025-08-01
Ignite Labs: Hydrogen Programme,https://platform.beauhurst.com/acceleratormanager/ksfm3x/accelerator/35u86i/,Innovate UK Business Connect,"Hydrogen Innovation Innitiative, Energy Systems Catapult",,,6 weeks.,"Access to Alumni Network, Access to Business Network, Access to Customer Network, Access to Finance, Access to Investor Network, Business Advice, Technical Expertise, Workshops",Green,"The programme is for companies within the hydrogen supply chain that are aiming to overcome barriers, understand and improve decision making, maximise design capabilities and expand market engagement.","Applicants must meet the following criteria: Companies can be any size Looking to work towards a profitable and sustainable business model Be UK-based Work in one of the following areas within the hydrogen supply chain; Manufacturing, Transport, Energy and Agriculture",03333 403250,https://iuk-business-connect.org.uk/events/ignite-labs-hydrogen/,,United Kingdom,Islington,London,"Unit 218
Business Design Centre
Upper Street
Islington
London
N1 0QH",N1 0QH,1,,2024-12-13
London Health Accelerator for Social Enterprise,https://platform.beauhurst.com/acceleratormanager/h4mjxi/accelerator/s24pgf/,School for Social Entrepreneurs,"London & Partners, MedCity",UK Shared Prosperity Fund (UKSPF),2025-09-05,4 months.,"Access to Business Network, Access to Finance, Access to Investor Network, Business Education, Mentoring, Workshops",Green,The programme is for health-focused social enterprises in London that are aiming to grow.,"Applicants must: Be based in or operating in Camden, Hackney, Hammersmith and Fulham, Islington, Lambeth, Southwark or Tower Hamlets Be incorporated as a charity, community benefit society, community interest company, co-operative society, or a limited company if the governing document contains an asset lock or a restriction on distribution of profits Have a turnover of at least £50k in the last twelve months or be a high-growth start-up Have a clear social impact and impact within the health sector Be looking to enter new markets, launch new products or create new jobs over the course of the programme",,https://www.the-sse.org/courses/london-health-accelerator/,,United Kingdom,Tower Hamlets,London,"School for Social Entrepreneurs
13-15 Dock Street
Whitechapel
London
E1 8JN",E1 8JN,1,,2024-02-08
Amazon Sustainability Accelerator - ClimateTech Pilot Challenge,https://platform.beauhurst.com/acceleratormanager/v7aexv/accelerator/pbiaay/,Amazon,,Amazon,,4 weeks.,"Access to Business Network, Corporate Resources, Mentoring, Stipend, Workshops",Green,The programme aims to support climate-tech startups developing sustainable products or services across: Carbon/batteries workstreams Waste management/material recovery workstreams Water positive workstreams.,"Applicants must meet the following criteria: Have moved beyond prototype testing Working towards generating revenue and growing operations Be registered in the EEA, UK or Switzerland Have scalable technology related to the subject areas specified for the current programme Show potential global impact, with applications to all markets, geographies and supply types The programme is not for project developers selling third-party products, businesses without an operating prototype, consultancy firms, marketing or PR agencies, or acquired start-ups.",,https://sell.amazon.co.uk/programmes/sustainability-accelerator,,United Kingdom,City of London,London,"60 Holborn Viaduct
London
EC1A 2FD",EC1A 2FD,3,,2025-09-11
Innovation Lab,https://platform.beauhurst.com/acceleratormanager/gthbns/accelerator/8rvdw3/,BNP Paribas Personal Finance UK,"STEAMhouse, Supertech",,,13 weeks.,"Access to Business Network, Business Advice, Co-working Space, Invitation to Exclusive Events, Mentoring, Technical Expertise, Workshops",Green,"The programme is for FinTech companies addressing the current programme challenge, the use of AI in technology to support customer communication.",Applicants must meet the following criteria: Must be a SME businesses Have a digital product or service,,https://www.supertechwm.com/innovation-lab-bnpparibaspf,,United Kingdom,Solihull,West Midlands,"AIR Building
35 Homer Road
Solihull
Birmingham
B91 3QJ",B91 3QJ,,,
Global Incubator Programme,https://platform.beauhurst.com/acceleratormanager/3b7npv/accelerator/inrcbq/,Innovate UK,,,,6 months.,"Access to Business Network, Access to Customer Network, Access to Investor Network, Access to Network of Experts, Mentoring",Green,The programme is for innovative SMEs looking to grow and scale through global markets.,Applicants must meet the following criteria: Be a small or medium sized company based in the UK Have ambition and commitment to scale globally Have some existing traction and sales in the UK Have a senior person at the company available for all stages of the programme,,https://iuk-business-connect.org.uk/programme/global-incubator/,,United Kingdom,Islington,London,"Unit 218
Business Design Centre
52 Upper Street
Islington
London
N1 0QH",N1 0QH,1,,2025-09-16
Evo Fashion,https://platform.beauhurst.com/acceleratormanager/pyywdy/accelerator/fe5thj/,Evo Learning,Fashion District,Grow London Early Stage,,4 months.,"Access to Business Network, Access to Customer Network, Business Advice, Mentoring, Workshops",Green,The programme is for emerging fashion designers and fashion technology companies.,"Applicants must: Be a fashion designer, brand, label or maker, or a technology business developing a product or service applicable to the fashion and materials industry Be a registered business for at least 18 months Be trading for at least 18 months Have a minimum turnover or investment of £50k in the last financial year Be based in London or in close proximity to London Preferably be employing 2-5 people Be committed to attending all sessions",,https://www.evolearning.co/fashion,,United Kingdom,Tower Hamlets,London,"The Trampery
Fish Island Village
13 Rookwood Way
E3 2XT",E3 2XT,36,,2025-09-11
The 200BnClub,https://platform.beauhurst.com/acceleratormanager/n7gt5x/accelerator/g2ukmp/,The 200BnClub,,,,12 weeks.,"Access to Alumni Network, Access to Investor Network, Access to Network of Experts, Business Advice, Business Education, Investment Assistance, Marketing support, Mentoring, Workshops",Green,The programme is for female-founded startups looking to raise a seed or Series A investment.,"Applicants must meet the following criteria: Be founded by a woman or co-founded by a woman in a C-suite position with significant equity (not options). Have an experienced team that demonstrates industry, technical and startup knowledge.",+44 7917 713625,https://the200bn.club/,https://www.linkedin.com/company/79644256,United Kingdom,Westminster,London,"85 Great Portland Street
First Floor
London
W1W 7LT",W1W 7LT,,,
Powering the Future,https://platform.beauhurst.com/acceleratormanager/9zkxnx/accelerator/98azvc/,Sustainable Ventures,Barclays Eagle Labs,,,3 months.,"Access to Network of Experts, Brand Development, Business Advice, Corporate Resources, Marketing support, Mentoring, Technical Expertise, Workshops",Green,"This programme is for Scottish climate tech companies looking to launch and scale products. It consists of three strands focussing on an Idea Stage, Idea-to-Venture Stage and Venture Stage.","Applicants should meet the following criteria: Be an SME based in Scotland with operations in Glasgow, or have a desire to explore Glasgow Be developing sustainable climate technology",,https://www.sustainableventures.co.uk/powering-the-future,,United Kingdom,Glasgow City,West of Scotland,"58 Kingston St
Kinning Park
Glasgow
G5 8BP",G5 8BP,2,,
Mobilise,https://platform.beauhurst.com/acceleratormanager/t6pf9j/accelerator/cdn8af/,Advanced Propulsion Centre,,,,16 months.,"Access to Alumni Network, Access to Business Network, Access to Network of Experts, Business Education, Financial Investment, Mentoring, Product Development, Workshops",Green,"The programme is for SMEs developing zero-emission automotive and connected mobility technologies, to support their growth to market entry.",Applicant companies must meet the following criteria: UK-registered business. Developing zero-emission or connected mobility technologies. Project at least at feasibility or early prototype stage.,,https://www.apcuk.co.uk/funding/mobilise/,,United Kingdom,Coventry,West Midlands,"IIPSI Building
University Road
Coventry
CV4 7AL",CV4 7AL,1,,2025-07-13
The Raise Accelerator,https://platform.beauhurst.com/acceleratormanager/ddb5rm/accelerator/xpy8tx/,Raise,,,,3 months.,"Access to Alumni Network, Access to Business Network, Access to Investor Network, Access to Network of Experts, Business Advice, Business Education, Corporate Resources, Invitation to Exclusive Events, Mentoring, Product Development, Workshops",Green,The programme is for early-stage technology startups looking to grow and secure investment.,Applicants must meet the following criteria: Be developing a technology solution that solves an identified problem with a customer need Be able to demonstrate market opportunity and traction Be committed to launching and scaling the business,,https://www.raisestartups.co.uk/accelerator/,,United Kingdom,Belfast,Northern Ireland,"3-5 Commercial Court
Belfast
BT1 2NB",BT1 2NB,,,
Challenge North Tyne,https://platform.beauhurst.com/acceleratormanager/rxfcr6/accelerator/dg95bj/,Innovation SuperNetwork,North East Local Enterprise Partnership,North of Tyne Combined Authority,,6 months.,"Access to Business Network, Access to Customer Network, Access to Network of Experts, Financial Investment, Mentoring, Product Development, Workshops",Green,"The programme is for SMEs developing solutions to tackle a range of challenges in the North Tyne region, including healthy ageing, decarbonisation of homes and 5G.",Applicants must meet the following criteria: Be based in the North Tyne region Be developing a solution in one of the identified challenge areas,,https://supernetwork.org.uk/challenge-north-tyne/,,United Kingdom,County Durham,North East,"Innovate NE Ltd
Navigators Point
Belmont Business Park
Durham
DH1 1TW",DH1 1TW,,,
Empower100,https://platform.beauhurst.com/acceleratormanager/gukse4/accelerator/b68v3g/,Virgin Startup,,,,8 weeks.,"Access to Alumni Network, Access to Finance, Access to Investor Network, Access to Network of Experts, Brand Development, Business Advice, Financial Planning, Marketing support, Mentoring, Workshops",Green,"This programme is for startups with Black, Asian and minority ethnic founders, women founders and founders with a disability.",Applicants must meet the following criteria: Be operating a UK business based in Greater London Have been trading for a minimum of 18 months Have at least 2 employees Have a minimum annual turnover of £50k  Be looking to raise investment for the first time Have a strong business proposition,,https://www.virginstartup.org/empower-100/,,United Kingdom,Camden,London,"Whitfield Studios
50A Charlotte Street
London
W1T 2NS",W1T 2NS,,,
Launchpad FUEL,https://platform.beauhurst.com/acceleratormanager/2p739i/accelerator/696zhq/,Teeside University,,Launchpad FUEL,,7 weeks.,"Access to Business Network, Access to Finance, Access to Network of Experts, Business Education, Mentoring, Office Space, Workshops",Green,The programme is for early-stage start-ups with founders from Teesside University.,"Applicants must: Be a student, graduate or staff member of Teesside University Be in the first stages of founding a business",,https://www.tees.ac.uk/launchpad/graduates.cfm,,United Kingdom,Middlesbrough,North East,"Teesside University
Tees Valley
Middlesbrough
TS1 3BX",TS1 3BX,,,
Life Science Accelerator,https://platform.beauhurst.com/acceleratormanager/j4gae5/accelerator/pbcfk5/,Bruntwood SciTech,"DSW Ventures, Cheshire East Borough Council, Deepbridge Capital, Triple Chasm Company",UK Government,,6 months.,"Access to Finance, Access to Investor Network, Access to Network of Experts, Co-working Space, Invitation to Exclusive Events, Product Development",Green,The programme aims to develop early stage life sciences company and make them ready for investment.,Applicants must: Be operating within the life science sector. Be at an early stage of development and looking to become investment ready.,,https://bruntwood.co.uk/scitech/life-science-accelerator/,,United Kingdom,Manchester,North West,"Union
2-10 Albert Square
Manchester
M2 6LW",M2 6LW,,,
DePIN Base Camp,https://platform.beauhurst.com/acceleratormanager/aq874y/accelerator/bkgsh8/,Outlier Ventures,peaq,1kx,,12 weeks.,"Access to Investor Network, Access to Network of Experts, Business Education, Financial Investment, Mentoring, Workshops",Green,The programme is for Web3 companies developing DePIN (decentralised physical infrastructure network) projects.,Applicants must be developing one of: Hardware-centric innovations Bring-your-own-device ecosystems Agent-to-machine economies,,https://outlierventures.io/base-camp/depin-2025/,,United Kingdom,City of London,London,"Outlier Ventures
11 Cursitor Street
London
EC4A 1LL",EC4A 1LL,,,
Venture into Space,https://platform.beauhurst.com/acceleratormanager/4yn5wh/accelerator/6hkg3v/,UKBAA,"UK Space Agency, Type One Ventures",,,12 months.,"Access to Business Network, Access to Investor Network, Access to Network of Experts, Investment Assistance, Invitation to Exclusive Events, Mentoring, Technical Expertise, Workshops",Green,The programme is for space & space-adjacent technology companies looking for investment.,"Applicants must be a UK-based business, operating in the space or space-adjacent technology sectors and seeking investment.",,https://www.ventureintospace.com/,,United Kingdom,City of London,London,"International House
36-38 Cornhill
London
EC3V 3NG",EC3V 3NG,,,
Halo Programme,https://platform.beauhurst.com/acceleratormanager/852cwk/accelerator/2wx4cz/,Anglia Capital Group,"Connected Innovation, British Business Bank, Suffolk County Council",,,10 weeks.,"Access to Alumni Network, Access to Business Network, Access to Investor Network, Access to Network of Experts, Business Education, Financial Planning, Legal Services, Marketing support, Mentoring, Workshops",Green,The programme is for start-ups preparing to receive angel investment.,Applicants must meet the following criteria: Be based in Norfolk or Suffolk Haven’t raised equity finance previously,,https://www.angliacapitalgroup.co.uk/investmentreadiness,,United Kingdom,North Norfolk,East of England,"12 Church Street
Cromer
Norfolk
England
NR27 9ER",NR27 9ER,,,
ScaleX Accelerator,https://platform.beauhurst.com/acceleratormanager/3j9rrn/accelerator/d8hqtd/,Simple Scaling,,,,12 months.,"Access to Network of Experts, Business Advice, Business Education, Invitation to Exclusive Events, Mentoring, Workshops",Green,The programme is for SMEs looking to scale using the 10 foundational principles of the ScaleX framework.,"Applicants must meet the following criteria: Be CEO, founder or managing director of an SME Have turnover between £3m-£30m",,https://simplescaling.com/solutions/accelerator-programme/,,United Kingdom,"Armagh City, Banbridge and Craigavon",Northern Ireland,"10X Publishing Ltd
Carrickaness Road
Dungannon
BT71 7NH",BT71 7NH,,,
Open London,https://platform.beauhurst.com/acceleratormanager/havfpp/accelerator/8regga/,Newable,,UK Shared Prosperity Fund (UKSPF),,2 months.,"Access to Finance, Access to Network of Experts, Invitation to Exclusive Events, Technical Expertise, Workshops",Green,"The programme is for SME's looking to solve challenges in London including; Social Care, Transport, Environment, Energy, Health/Wellbeing and Housing.",Applicants must meet the following criteria: Be based in London Be registered in the UK Meet the SME criteria Have a potential service/product to address one of the relevant programme challenges,,https://go.newable.co.uk/OpenLondon,,United Kingdom,City of London,London,"140 Aldersgate Street
EC1A 4HY",EC1A 4HY,,,
High Growth Accelerator,https://platform.beauhurst.com/acceleratormanager/z6ydpi/accelerator/q53sxp/,Business Growth West Midlands (BGWM),Gateley Global,West Midlands Combined Authority (WMCA),,12 months.,"Access to Investor Network, Access to Network of Experts, Business Advice, Financial Planning, Invitation to Exclusive Events, Legal Services, Marketing support, Mentoring, Technical Expertise, Workshops",Green,The programme is designed to support high growth SMEs in the West Midlands Combined Authority region to overcome barriers to growth.,Applicants must be an SME based in the West Midlands Combined Authority region.,,https://www.businessgrowthwestmidlands.org.uk/support-programmes/high-growth-programme/,,United Kingdom,Birmingham,West Midlands,"16 Summer Lane
Birmingham
B19 3SD",B19 3SD,,,
Supply Chain Transition Programme,https://platform.beauhurst.com/acceleratormanager/z6ydpi/accelerator/hzpfet/,Business Growth West Midlands (BGWM),West Midlands Combined Authority,West Midlands Investment Zone (WMIZ),,12 months.,"Access to Business Network, Access to Customer Network, Access to Finance, Access to Network of Experts, Financial Investment, Mentoring, Product Development, Workshops",Green,The programme aims to support manufacturing SMEs in the West Midlands to diversify their customer base by securing new orders in growing sectors of the economy including: Health tech & med tech Modern and low carbon construction & other green industries Smart energy systems Aerospace Electric light vehicles and battery manufacturing,"Applicants must meet the following criteria: Be operating as a manufacturing SME  Be operating within the Wolverhampton City Council, Walsall Council, Sandwell Council, Dudley Borough Council, Birmingham City Council, Solihull Metropolitan Borough Council, Coventry City Council or Warwick District Council areas.",,https://www.businessgrowthwestmidlands.org.uk/support-programmes/supply-chain-transition/,,United Kingdom,Birmingham,West Midlands,"16 Summer Lane
Birmingham
B19 3SD",B19 3SD,,,
DeepTech Catalyst Quantum,https://platform.beauhurst.com/acceleratormanager/nvz64k/accelerator/vv6y63/,Science & Technology Facilities Council (STFC),National Quantum Computing Centre,,,,"Access to Business Network, Access to Investor Network, Business Advice, Financial Investment, Investment Assistance, Mentoring, Product Development",Green,"The programme aims to support businesses developing quantum technologies, with a focus on quantum computing.",Applicants must: Be a new or existing UK registered company which is less than 10 years old. Have a viable business plan. Be majority owned by founders or employees. Be developing quantum technologies. Be at Technology Readiness Level (TRL) 3-6.,,https://www.dtc.stfc.ac.uk/programmes/deep-tech-catalyst-quantum/,,United Kingdom,Vale of White Horse,South East,"Rutherford Avenue
Harwell Campus
Didcot
Oxford
OX11 0DF",OX11 0DF,9,,2026-03-02
ESports Business Cluster,https://platform.beauhurst.com/acceleratormanager/pcthgz/accelerator/mhfh4j/,Sunderland Software City,UK Shared Prosperity Fund,,,8 weeks.,"Access to Alumni Network, Access to Business Network, Access to Investor Network, Access to Network of Experts, Business Advice, Business Education, Financial Planning, Investment Assistance, Invitation to Exclusive Events, Marketing support, Mentoring, Workshops",Green,"This programme is for companies and entrepreneurs operating in the esports industry, looking to maximise their success.",Applicants must meet the following criteria: Be based in the UK (ideally in Sunderland and the North East) Be operating in the esports industry or an esports-adjacent sector Be at least 18 years old,,https://www.sunderlandsoftwarecity.com/project/esports-accelerator,,United Kingdom,Sunderland,North East,"Sunderland Software Centre
Tavistock Place
Sunderland
SR1 1PB",SR1 1PB,,,
AI x Crypto Base Camp,https://platform.beauhurst.com/acceleratormanager/aq874y/accelerator/nw92ih/,Outlier Ventures,,Outlier Ventures,,12 weeks.,"Access to Alumni Network, Access to Business Network, Access to Investor Network, Access to Network of Experts, Financial Investment, Financial Planning, Investment Assistance, Invitation to Exclusive Events, Legal Services, Marketing support, Mentoring, Product Development, Stipend, Technical Expertise, Workshops",Green,"The accelerator aims to develop companies operating in the web3 sector, specialising in AI and crypto companies looking to scale and develop.","Applicants must b e developing a product or service for Web3 or metaverse specifically  AI agents, Cryptography Enhanced Machine Learning and Decentralised Data Infrastructure.",,https://outlierventures.io/base-camp/ai-base-camp/,,United Kingdom,City of London,London,"11 Cursitor Street
London
EC4A 1LL",EC4A 1LL,,,
TIC Engine Room,https://platform.beauhurst.com/acceleratormanager/fptd4g/accelerator/u7unh7/,Turing Innovation Catalyst Manchester,,,,6 months.,"Access to Network of Experts, Business Advice, Financial Planning, Investment Assistance, Marketing support, Mentoring, Product Development, Technical Expertise",Green,The programme aims to help AI startups from Greater Manchester to scale.,"Applicants must: Be an AI-first startup, Be based in Greater Manchester, Have raised over £500k in funding or have over £500k in turnover, Have 5 or more full time or fractional employees, Have a product with users, and make recurring revenue, Be ready to scale globally with a roadmap.",,https://ticmanchester.org/programmes/engine-room/,,United Kingdom,Manchester,North West,"Turing Innovation Catalyst Manchester
Renold Building
81 Sackville St
Manchester
M1 3NJ",M1 3NJ,,,
Cornwall Create Growth Programme,https://platform.beauhurst.com/acceleratormanager/zsphda/accelerator/rmahc9/,Creative UK,"Department for Digital, Culture, Media and Sport",,,9 months.,"Access to Business Network, Access to Customer Network, Access to Investor Network, Business Advice, Business Education, Investment Assistance, Invitation to Exclusive Events, Mentoring, Workshops",Green,The programme is for creative businesses in Cornwall and the Isles of Scilly.,"Applicants must: Have a business address in Cornwall or the Isles of Scilly Be creative and focused on one of design, fashion, architecture, film, broadcast, createch, gaming, immersive, publishing, music, theatre, art, heritage, craft or media Be a registered limited company, CIC or charity Have a solid business plan or established commercial activity",,https://www.wearecreative.uk/support/regional-growth-programmes/cornwall-create-growth-programme/,,United Kingdom,Salford,North West,"Tomorrow Building
130 Broadway
2nd Floor /Suite 7
MediaCityUK
Salford
M50 2AB",M50 2AB,,,
Female Founder Programme,https://platform.beauhurst.com/acceleratormanager/cjgzaj/accelerator/qsbxw5/,Northumbria University,,The Susan Dobson Memorial Fund,,3 months.,"Access to Alumni Network, Access to Business Network, Access to Finance, Access to Network of Experts, Business Education, Co-working Space, Invitation to Exclusive Events, Mentoring, Workshops",Green,"The programme is for female-led start ups looking to grow their business, that will promote job creation and prosperity in the North East.",Applicants must meet the following criteria: Be based in the North East of England Are a current student or recent graduate of Northumbria University Identify as female Have been trading or will be trading within 3-6 months of applying Be able to attend 80% of the programmes workshops Have not received previous support from the Female Accelerator Programme,,https://www.northumbria.ac.uk/study-at-northumbria/student-graduate-enterprise/female-accelerator-programme/,,United Kingdom,Newcastle upon Tyne,North East,"Northumbria University
Sutherland Building
Northumberland Road
Newcastle-upon-Tyne
NE1 8ST",NE1 8ST,,,
Pre-Scaler Programme,https://platform.beauhurst.com/acceleratormanager/auad7w/accelerator/h3jrb8/,Scale Up Scotland,,,,7 months.,"Access to Business Network, Business Education, Financial Planning, Invitation to Exclusive Events, Marketing support",Green,The programme aims to support potential high growth businesses headquartered in Scotland to scale.,Applicants must meet the following criteria: Be a limited company headquartered in Scotland Have a proven product/market fit Have current revenues of £100k or more Have potential and matching ambition to reach £1m+ revenues in the next 3 years Have a growth mindset Be able to commit to development events at Blair Estate,,https://www.scaleupscotland.co.uk/pre-scaler/,,United Kingdom,South Ayrshire,West of Scotland,"The Hunter Foundation
Marathon House
Olympic Business Park
Drybridge Road
Dundonald
KA2 9AE",KA2 9AE,,,
Scale Up Core Programme,https://platform.beauhurst.com/acceleratormanager/auad7w/accelerator/ictytv/,Scale Up Scotland,,,,18 months.,"Access to Business Network, Access to Network of Experts, Business Education, Financial Planning, Invitation to Exclusive Events",Green,The programme is for high potential businesses headquartered in Scotland with the potential and desire  to grow sales beyond £20-£30m.,"Applicants must meet the following criteria: Be a limited company headquartered in Scotland Have current revenues of £1m+ (or £500k+ where the business has raised £2m in equity funding) Typically have 10 or more employees, excluding founders Have potential and matching ambition to reach £20-£30m revenues in next 5 years Have global potential and ambition Have a proven track record of year on year growth Have a growth mindset Be able to commit to 10 residential events of one and a half days at Blair Estate",,https://www.scaleupscotland.co.uk/scale-up-core/,,United Kingdom,South Ayrshire,West of Scotland,"The Hunter Foundation
Marathon House
Olympic Business Park
Drybridge Road
Dundonald
KA2 9AE",KA2 9AE,,,
Scale Up 2.0 Programme,https://platform.beauhurst.com/acceleratormanager/auad7w/accelerator/8tqwsz/,Scale Up Scotland,Scottish National Investment Bank,,,12 months.,"Access to Business Network, Access to Network of Experts, Business Advice, Business Education, Invitation to Exclusive Events, Workshops",Green,The programme is for high growth businesses headquartered in Scotland looking to grow their turnover significantly.,Applicants must meet the following criteria: Be a limited company headquartered in Scotland Have market capitalisation of more than £20m or current revenues of above £10m Have an executive leadership team in place Have the potential and ambition to grow significant revenues in next 5 years Have a proven track record of year on year growth Be trading internationally or have international aspirations Be able to commit to quarterly retreats at Blair Estate,,https://www.scaleupscotland.co.uk/scale-up-2-0/,,United Kingdom,South Ayrshire,West of Scotland,"The Hunter Foundation
Marathon House
Olympic Business Park
Drybridge Road
Dundonald
KA2 9AE",KA2 9AE,,,
Go-Together Accelerator Programme,https://platform.beauhurst.com/acceleratormanager/bsr4hk/accelerator/9g2gdn/,DOHE,,,,24 weeks.,"Access to Alumni Network, Access to Business Network, Access to Network of Experts, Business Advice, Business Education, Technical Expertise, Workshops",Green,The programme aims to improve society through accelerating global EdTech startups.,"Applicants must meet the following criteria: Be an early stage EdTech startup - up to Series A stage Have a specific problem which is being solved through technology Can commit 60 to 90 minutes per week to coaching Want to strengthen the business position, beyond just looking for funding",,https://www.go-together.com/,,United Kingdom,City of London,London,"22 Bishopsgate
London
EC2N 4BQ",EC2N 4BQ,,,
Spark Salford,https://platform.beauhurst.com/acceleratormanager/wcpyu4/accelerator/t4dm8f/,Media City,,,,12 weeks.,"Access to Business Network, Access to Investor Network, Access to Network of Experts, Business Advice, Co-working Space, Financial Planning, Investment Assistance, Marketing support, Mentoring, Technical Expertise, Workshops",Green,This programme is for Salford-based companies looking to use technology to expand and prepare for investment. ,"Applicants must meet the following criteria: Operating as either an established businesses with proven traction, is ready to scale and attracting investment or a start-up which is pre-revenue or newly launched ventures with validated ideas Be based in Salford Be looking to scale, secure investment, adopt technology, improve operations and customer experience, improve cybersecurity and data protection, or expand their network and peer learning opportunities",,https://www.mediacityuk.co.uk/spark-salford/,,United Kingdom,Westminster,London,"100 Victoria Street
London
England
SW1E 5JL",SW1E 5JL,,,
SPARK The Midlands,https://platform.beauhurst.com/acceleratormanager/kninue/accelerator/e643y4/,Aston University,"Department for Science, Innovation and Technology, West Midlands Combined Authority, Innovate UK (IUK)",,,6 months.,"Access to Network of Experts, Business Advice, Business Education, Investment Assistance, Mentoring, Product Development, Technical Expertise, Workshops",Green,"The programme is for academics, healthcare professionals and entrepreneurs developing pre-clinical healthcare products addressing unmet clinical needs. The programme has a 6‑month core period followed by extended support lasting up to 24 months. ","Applicants must meet the following criteria: Be developing a therapeutic, medical device or diagnostic tool Working to solve an unmet clinical need Be based in the Midlands region",,https://www.sparkthemidlands.co.uk/,https://www.linkedin.com/company/110134144,United Kingdom,Birmingham,West Midlands,"John Cadbury House
Corporation St. 
Birmingham
B4 6QD",B4 6QD,,,
Tesco Accelerator Programme,https://platform.beauhurst.com/acceleratormanager/2gwgmt/accelerator/nir67m/,Tesco & WWF,,,,12 months.,"Access to Alumni Network, Access to Business Network, Access to Customer Network, Brand Development, Business Education, Invitation to Exclusive Events, Marketing support, Media Exposure, Mentoring, Product Development",Green,"The programme is for start-ups and challenger consumer brands, focusing on health and sustainability.",Applicants must: Be operating a consumer brand company Be focused in some way on health or supply chain sustainability Be aiming to have its brand stocked in UK supermarkets,,https://www.tescoplc.com/tesco-champions-developing-brands-with-innovation-led-accelerator-programme/,,United Kingdom,Welwyn Hatfield,East of England,"Global Head Office
Shire Park
Kestrel Way
Welwyn Garden City
Hertfordshire
AL7 1GA",AL7 1GA,53,,2026-04-15
Microsoft UK GenAI Accelerator,https://platform.beauhurst.com/acceleratormanager/fssrhj/accelerator/7c269j/,Microsoft Accelerator,"NVIDIA, GitHub, WeTransact",,,6 weeks.,"Access to Business Network, Access to Finance, Access to Investor Network, Access to Network of Experts, Corporate Resources, Invitation to Exclusive Events, Marketing support, Mentoring, Technical Expertise, Workshops",Green,The programme is for software companies that are developing generative AI technology.,Applicants must: Be based in the UK Be an AI start-up or scale-up with a product already on the market and have raised seed funding Preferably be building an AI-native solution on Microsoft's cloud,,https://ukstories.microsoft.com/features/microsoft-launches-genai-accelerator-with-nvidia-and-github-to-boost-uk-ai-start-ups/,,United Kingdom,Wokingham,South East,"Microsoft UK
Thames Valley Park Drive
Reading
Berkshire
RG6 1WG",RG6 1WG,,,
Sustainable Futures Accelerator,https://platform.beauhurst.com/acceleratormanager/9zkxnx/accelerator/j3imzx/,Sustainable Ventures,Sir Peter Rigby Centre for Enterprise,,,2 months.,"Access to Business Network, Access to Investor Network, Access to Network of Experts, Business Advice, Business Education, Investment Assistance, Technical Expertise",Green,The programme is designed to help ClimateTech spinouts from the University of Liverpool scale their innovations.,"Applicants must be a spinout of University of Liverpool, operating in the ClimateTech sector.",,https://www.sustainableventures.co.uk/sustainable-stories/flagship-university-partnership-to-scale-academic-spinouts-to-market,,United Kingdom,Lambeth,London,"Sustainable Workspaces
5th Floor County Hall
London
SE1 7PB",SE1 7PB,1,,2025-04-15
The Fearless Accelerator,https://platform.beauhurst.com/acceleratormanager/z8fqb9/accelerator/ymrgi3/,Another Avenue,,,,12 weeks.,"Access to Alumni Network, Access to Business Network, Access to Investor Network, Access to Network of Experts, Business Advice, Business Education, Corporate Resources, Financial Planning, Invitation to Exclusive Events, Marketing support, Mentoring, Workshops",Green,"The programme is designed to support self-employed founders, freelancers and small business owners formalise and scale their businesses.","Applicants must meet the following criteria: Be a self-employed founder, freelancer or small business owner Have a registered business (typically with fewer than 3 employees) Be looking to scale The majority of applicants will be based in London, but there are a limited number of paid places available for those outside of London.",,https://www.another-avenue.co.uk/fearless-accelerator,,United Kingdom,Manchester,North West,Manchester,,,,
Venture Forward,https://platform.beauhurst.com/acceleratormanager/htbabq/accelerator/4fv44q/,GC Angels,Innovate UK (IUK),GC Angels,,8 weeks.,"Access to Finance, Access to Investor Network, Business Advice, Financial Planning, Investment Assistance, Mentoring, Workshops",Green,The programme aims to help underrepresented founders optimise their next funding round.,"Applicants must meet the following criteria: Be based in the North of England Be looking to raise funding in the next 3 to 9 months Have one founder who is from an underrepresented group, including women, people with primary care and childcare responsibilities, people from non-traditional educational backgrounds or low socio-economic backgrounds.",,https://gcangels.uk/venture-forward/,,United Kingdom,Manchester,North West,"Lee House 
90 Great Bridgewater Street 
Manchester 
M1 5JW",M1 5JW,3,2,2025-10-06
CDL Minerals,https://platform.beauhurst.com/acceleratormanager/tyvjuj/accelerator/k74frg/,Creative Destruction Lab,Rio Tinto,,,9 months.,"Access to Alumni Network, Access to Business Network, Access to Investor Network, Access to Network of Experts, Business Advice, Financial Planning, Investment Assistance, Mentoring, Product Development, Technical Expertise, Workshops",Green,The programme aims to help commercialise  mineral and mining companies.,"Applicants must: Be early stage Be developing hardware or software technology Operate in the minerals and mining space Be developing a solution which looks to improve efficiency, safety, productivity or sustainability",,https://creativedestructionlab.com/streams/minerals/,,United Kingdom,Westminster,London,"Institute for Deep Tech Entrepreneurship
Imperial College London
South Kensington Campus
London
SW7 2AZ",SW7 2AZ,,,
Breakout Beauty UK,https://platform.beauhurst.com/acceleratormanager/vxzgd8/accelerator/adds5s/,Growth Studio,"TikTok Shop, British Beauty Council, Venrex Investment Management, HSBC Innovation Banking, Bird & Bird, FDD International, Boots UK",,,10 weeks.,"Access to Business Network, Access to Investor Network, Access to Network of Experts, Brand Development, Business Education, Investment Assistance, Invitation to Exclusive Events, Marketing support, Media Exposure, Mentoring, Workshops",Green,The programme is for beauty businesses looking to develop their brands and scale into national retail.,"Applicants must meet the following criteria:  Be a founder-led UK beauty brand operating in skincare, makeup, haircare, bodycare, fragrance or accessories Be looking to scale into national retail within 12 months Have an existing product in the market, currently selling direct to consumers (DTC) on TikTok Shop, Amazon or in boutique retail Have a minimum annual turnover of £150k Not already stocked in a national beauty retailer",020 8064 2021,https://www.growthstudio.com/programme/breakout-beauty-uk/,https://www.linkedin.com/company/107762291,United Kingdom,Westminster,London,"FORA Soho
33 Broadwick Street
London
W1 0QD",W1 0QD,3,,2025-10-27
Techscaler Catalyst,https://platform.beauhurst.com/acceleratormanager/cxqrwi/accelerator/69swqc/,Codebase,,,,10 weeks.,"Access to Business Network, Access to Customer Network, Access to Network of Experts, Business Advice, Co-working Space, Corporate Resources, Investment Assistance, Product Development, Technical Expertise, Workshops",Green,The programme is for early stage technology startups to develop and launch their products.,"Applicants must meet the following criteria: Be a member of Techscaler Be working on your startup for more than 8 hours per week Be a registered company or have a clickable prototype, product demo, minimum viable product (MVP) or a developed version that has received feedback from potential customers Have preferably completed Techscaler Discovery (Techscaler's self-paced online course)",,https://www.techscaler.co.uk/education/techscaler-catalyst,,United Kingdom,City of Edinburgh,East of Scotland,"Argyle House
3 Lady Lawson Street
Edinburgh
EH3 9DR",EH3 9DR,1,,2025-12-18
Founder Labs Pre-Accelerator,https://platform.beauhurst.com/acceleratormanager/g2eaq3/accelerator/2iayaa/,The AMP,,Invest NI,,6 weeks.,"Access to Network of Experts, Business Advice, Business Education, Invitation to Exclusive Events, Mentoring, Workshops",Green,The programme is for tech-focused early-stage businesses in Northern Ireland.,Applicants must: Be based in Northern Ireland Be an early-stage tech company,,https://staging.ampincubator.com/programmes-and-support/,,United Kingdom,Derry City and Strabane,Northern Ireland,"11 Ebrington Square
Derry
Northern Ireland
BT47 6FA",BT47 6FA,1,,
Deploy Track,https://platform.beauhurst.com/acceleratormanager/f72q8t/accelerator/dgthpk/,IAGi,,,,12 weeks.,"Access to Business Network, Access to Customer Network, Access to Finance, Access to Network of Experts, Product Development",Green,The programme aims to help companies within the aviation industry to develop and commercialise their technology.,Applicants must: Have an existing company that is developing technology for the aviation industry. Have a product that can be ready to test at the end of the accelerator programme.,,https://www.iaginnovation.com/deploy,,United Kingdom,Hillingdon,London,"Harmondsworth
London
UB7 0GB",UB7 0GB,,,
STAC Scale,https://platform.beauhurst.com/acceleratormanager/ivna8d/accelerator/xpjjeb/,STAC,,,,18 months.,"Access to Business Network, Access to Investor Network, Access to Network of Experts, Co-working Space, Corporate Resources, Mentoring, Product Development, Workshops",Green,The programme aims to develop IoT (Internet of Things) technology start-ups.,"Applicants must: Be a technology company Solve a problem in one of these IoT spaces: connectivity, advanced materials, sensors, machine vision, voice, AI, big data, autonomous vehicles, battery/power, clean tech and medtech",,https://www.stac.ac/scale-4/,,United Kingdom,Glasgow City,West of Scotland,"8 Elliot Place
Glasgow
Scotland
G3 8EP",G3 8EP,1,,2025-09-04
Creative Enterprise: Investment Readiness Programme,https://platform.beauhurst.com/acceleratormanager/zsphda/accelerator/sabnxe/,Creative UK,,,,6 months.,"Access to Investor Network, Business Education, Invitation to Exclusive Events, Mentoring, Workshops",Green,The programme is for creative companies that are looking to raise investment in the near future.,"Applicants must: Be operating in film, TV, gaming, animation or creative technologies Be based in England",,https://www.wearecreative.uk/support/creative-enterprise/investment-readiness/,,United Kingdom,Salford,North West,"Tomorrow Building
130 Broadway
2nd Floor /Suite 7
MediaCityUK
Salford
M50 2AB",M50 2AB,,,
Discover Track,https://platform.beauhurst.com/acceleratormanager/f72q8t/accelerator/c89tj8/,IAGi,,,,24 weeks.,"Access to Business Network, Access to Customer Network, Access to Network of Experts, Invitation to Exclusive Events, Product Development",Green,"The programme is for startups within the aviation industry, developing breakthrough technology.","Applicants must meet the following criteria: Be an early stage start-up and can be a not-for-profit, limited liability company, partnership or other legal entity Be developing tech within one of the programmes focus areas; sustainable aviation fuel, carbon removals, single use plastic alternatives and fuel efficiencies Have technologies with an eligibility of technology readiness level of 4+ (TRL) Founding members must be at least 18 years old and have no existing affiliation with the organisers",,https://www.iaginnovation.com/discover,,United Kingdom,Hillingdon,London,"Harmondsworth
London
UB7 0GB",UB7 0GB,,,
Open Doors Programme,https://platform.beauhurst.com/acceleratormanager/ezfsbt/accelerator/hw7dxi/,Bidfood,,,,12 months.,"Access to Customer Network, Access to Network of Experts, Brand Development, Invitation to Exclusive Events, Marketing support, Mentoring",Green,The programme is for innovative emerging suppliers operating in the food industry.,Applicants must be an emerging supplier operating in the food industry.,,https://www.bidfood.co.uk/about-us/open-doors/,,United Kingdom,Slough,South East,"Bidfood
814 Leigh Road
Slough
SL1 4BD",SL1 4BD,,,
US MarketBooster,https://platform.beauhurst.com/acceleratormanager/v9ebae/accelerator/ibn9g9/,Scottish Enterprise,,,,16 weeks.,"Access to Business Network, Access to Customer Network, Access to Investor Network, Access to Network of Experts, Brand Development, Business Advice, Business Education, Co-working Space, Financial Planning, Invitation to Exclusive Events, Living Space, Mentoring, Office Space, Product Development, Technical Expertise",Green,"The programme looks to accelerate Scottish businesses into the US market, through exposure to events and experts in the Silicon Valley region.",Applicants must:  Be based in Scotland Be innovating in the science or technology space Be looking to enter the US market Be able to travel to Silicon Valley for 8 weeks as part of the programme,,https://www.scottish-enterprise-mediacentre.com/news/new-us-boost-for-scottish-science-and-tech-companies,,United Kingdom,Glasgow City,West of Scotland,"50 Waterloo Street
Glasgow
Glasgow City
G2 6HQ",G2 6HQ,,,
Antidote,https://platform.beauhurst.com/acceleratormanager/3uqm63/accelerator/geezz4/,Antidote,"Initial Capital, Fulgur Ventures, Bossa Bit Studios",,,6 months.,"Access to Business Network, Access to Finance, Access to Investor Network, Access to Network of Experts, Business Advice, Co-founder Matching, Corporate Resources, Invitation to Exclusive Events, Legal Services, Mentoring, Office Space, Product Development, Technical Expertise, Workshops",Green,"The programme aims to help UK businesses which use new, open technologies to grow to Seed stage.","Applicants must: Be based in the UK Be operating in one of the following spaces: Financial and payments infrastructure, Digital identity and data sovereignty, Bitcoin and open-source technologies, Institutional and regulatory alignment for fintech innovation",,https://antidotebtc.com/,https://www.linkedin.com/company/105763800,United Kingdom,Camden,London,"4th Floor The Bindery
51-53 Hatton Garden
London 
EC1N 8HN",EC1N 8HN,,,
Venture Forward,https://platform.beauhurst.com/acceleratormanager/j75p2q/accelerator/erke5y/,FounderVine,Innovate UK (IUK),,,3 weeks.,"Access to Alumni Network, Access to Business Network, Access to Investor Network, Business Advice, Corporate Resources, Financial Planning, Investment Assistance, Mentoring, Workshops",Green,The programme aims to help underrepresented founders to raise funding and scale.,"Applicants must meet the following criteria: Be based in the West Midlands Be looking to raise funding in the next 3 to 9 months Be generating a minimum of £10k a month Have one founder who is from an underrepresented group, including; women, people with primary care and childcare responsibilities, people from non-traditional educational backgrounds or low socio-economic backgrounds",,https://www.foundervine.com/our-programmes/venture-forward,,United Kingdom,Westminster,London,"2 Eastbourne Terrace
London 
W2 6QD",W2 6QD,,,
Boost Invest,https://platform.beauhurst.com/acceleratormanager/u6nm8q/accelerator/3heevg/,Firstport,People's Postcode Lottery,,,8 weeks.,"Access to Alumni Network, Access to Business Network, Access to Investor Network, Access to Network of Experts, Business Advice, Business Education, Financial Planning, Investment Assistance, Mentoring, Workshops",Green,The programme is for North East-based social and community enterprises seeking investment to scale their operations.,"Applicants must meet the following criteria: Be an incorporated company, who's profits are reinvested in the business or its social aims Be based in North East England or operate for the benefit of this region Not be involved in political campaigning or the advancement of religion Be providing services/products which have a social purpose, directly offering social benefit to individuals, communities and/or the environment Not be providing services or activities that statutory bodies should provide Have a high level of interest in your product/services and preferably have some trading history Have secured or explored early-stage funding Have previously been awarded funding from Boost Fund, but not been awarded social investment",,https://www.firstport.org.uk/business-support/boost-invest/,,United Kingdom,City of Edinburgh,East of Scotland,"6-7 Montgomery Street Lane
Edinburgh 
EH7 5JT",EH7 5JT,,,
DeepTech Catalyst Health,https://platform.beauhurst.com/acceleratormanager/nvz64k/accelerator/42gv7h/,Science & Technology Facilities Council (STFC),"UKRI Medical Research Council, Liverpool City Region Combined Authority, Medicines Discovery Catapult",,2026-03-08,,"Access to Business Network, Access to Finance, Access to Investor Network, Business Advice, Corporate Resources, Product Development, Technical Expertise",Green,The programme aims to accelerate early-stage health technology companies.,"Applicants must be: A company registered in the UK Less than 5 years old Majority owned by employees and/or founders Developing advanced technologies in health or life sciences Based within the Liverpool City Region, or have a large part of their business activities based in the region",,https://www.dtc.stfc.ac.uk/programmes/deep-tech-catalyst-health/,,United Kingdom,Halton,North West,"The Innovation Centre
Sci-Tech Daresbury
Keckwick Lane
Daresbury 
WA4 4FS",WA4 4FS,15,,2025-09-22
DeepTech Catalyst Bio,https://platform.beauhurst.com/acceleratormanager/nvz64k/accelerator/2zy93k/,Science & Technology Facilities Council (STFC),BBSRC,BBSRC,,,"Access to Business Network, Access to Customer Network, Access to Finance, Access to Investor Network, Access to Network of Experts, Business Advice, Business Education, Financial Investment, Legal Services, Mentoring",Green,The programme aims to support early-stage biotechnology companies.,"Applicants must: Be a UK-registered company Be less than five years old Be majority-owned by founders and employees Have market penetration or be beyond the concept stage of product development Have previously received UKRI research funding, Innovate UK commercialisation funding, or participated in/received finance from a support programme from a UKRI-recognised organisation",,https://www.dtc.stfc.ac.uk/programmes/deep-tech-catalyst-bio/,,United Kingdom,Swindon,South West,"Science and Technology Facilities Council (STFC)
Polaris House
North Star Avenue
Swindon
SN2 1SZ",SN2 1SZ,14,,2025-12-15
Innovate UK Biomedical Catalyst Accelerator – Future Medicines,https://platform.beauhurst.com/acceleratormanager/j9hxrd/accelerator/65zacu/,LYVA Labs,Innovate UK (IUK),,,3 months.,"Access to Business Network, Access to Investor Network, Access to Network of Experts, Business Advice, Business Education, Corporate Resources, Financial Planning, Invitation to Exclusive Events, Marketing support, Office Space, Product Development, Technical Expertise",Green,The programme is for companies developing innovative health and care solutions.,"Applicants must: Be UK-based SMEs with academic founders Be developing an innovative technology that addresses healthcare challenges Have a technology, product, process or service with a commercial route to market Be at TRL 2-4 Companies working in radiopharmaceuticals innovation are especially encouraged to apply. ",,https://lyvalabs.com/future-medicines-cohort,,United Kingdom,Liverpool,North West,"Central Tech
31 Russell Street
Liverpool
L3 5LJ",L3 5LJ,2,,2026-01-01
Exchange,https://platform.beauhurst.com/acceleratormanager/3gzh2z/accelerator/pn9dhb/,Department,,,,6 months.,"Access to Alumni Network, Access to Business Network, Access to Network of Experts, Co-working Space, Financial Planning, Investment Assistance, Invitation to Exclusive Events, Mentoring, Office Space, Workshops",Green,"The programme is for technology, digital, and creative businesses looking to scale. ","Applicants for Start-ups Cohort must meet the following criteria: Be trading for 0-3 years.  Be headquartered in the UK.  Be operating a digital tech business with a product or service to sell, and is either already launched or ready to launch.  Have at least one active client or pilot.  Have between one to five employees.  Applicants for the Growth Cohort must meet the following criteria: Be operating beyond the idea or pre-revenue stage.  Have 12–24 months of operational history minimum.  Have consistent revenue generation over the past 6–12 months.  Be able to provide market adoption evidence, including recurring customers, growing user base or partnerships. Have at least five employees. Have already secured seed funding or are preparing for Series A.",,https://www.exchange-programme.com/,,United Kingdom,Manchester,North West,"Bonded Warehouse
18 Lower Byrom Street
Manchester
M3 4AP",M3 4AP,1,,
Health Accelerator Programme,https://platform.beauhurst.com/acceleratormanager/rysby8/accelerator/djnpsa/,Plug and Play Tech Centre,West Midlands Health Tech Innovation Accelerator,,,12 weeks.,"Access to Business Network, Business Education, Co-working Space, Invitation to Exclusive Events, Mentoring, Product Development, Technical Expertise",Green,The programme is for healthcare businesses that are looking to scale and commercialise their products and services.,Applicants must meet the following criteria: Be developing a product or service in the healthcare sector.,,https://www.plugandplaytechcenter.com/about-us/pressroom/072924-UK-Health-Batch-Announcement,,United Kingdom,City of London,London,"20 Gracechurch Street
11th Floor 
London
EC3V 0BG",EC3V 0BG,17,,2025-09-25
Innovate UK Biomedical Catalyst Accelerator – Hospital to Community,https://platform.beauhurst.com/acceleratormanager/pvfm8s/accelerator/zx8itc/,Founders Factory,Innovate UK (IUK),,,10 weeks.,"Access to Alumni Network, Access to Business Network, Access to Investor Network, Access to Network of Experts, Financial Planning, Invitation to Exclusive Events, Mentoring, Workshops",Green,The programme is for early stage health and community care startups looking to scale. ,"Applicants must meet the following criteria: Be based in the UK. Be developing a product or service in the following areas; remote monitoring, at-home diagnostics, new community care models, and digital tools that ease hospital pressure.",,https://foundersfactory.com/innovate-uk-hospital-to-community-accelerator/,,United Kingdom,Westminster,London,"180 Strand (Arundel Street Building)
2 Arundel Street
London
WC2R 3DA",WC2R 3DA,1,,2026-01-08
Venture Forward,https://platform.beauhurst.com/acceleratormanager/j34i5i/accelerator/se67bt/,Mountside Ventures,"GC Angels, FirstImpact, Innovate UK (IUK), Foundervine, Stronger Stories",,,8 weeks.,"Access to Investor Network, Access to Network of Experts, Business Education, Financial Planning, Mentoring, Stipend, Workshops",Green,The programme is for companies with under-represented founders that are seeking fundraising in the near future.,"Applicants should: Be based in the UK Be aiming to fundraise in the next 3-9 months Have a founder who is female, a primary caregiver, from a non-traditional educational background, or from a low socio-economic background",,https://nolimits.ukri.org/opportunity/venture-forward-connecting-innovators-to-capital,,United Kingdom,Camden,London,"27 Old Gloucester Street
London
WC1N 3AX",WC1N 3AX,1,,2026-01-30
BBC and North East Screen Digital Accelerator,https://platform.beauhurst.com/acceleratormanager/8ksith/accelerator/39qtzr/,BBC,North East Screen,North East Screen Industries Partnership (NESIP),,9 months.,"Access to Business Network, Access to Customer Network, Access to Network of Experts, Business Education, Financial Investment, Financial Planning, Invitation to Exclusive Events, Media Exposure, Mentoring, Product Development",Green,"The programme is for production companies  in the North East of England,  developing and producing digital-first content aimed at 16-24 year olds.","Applicants must meet the following criteria: Be based in the North East of England, within the North East and Tees Valley combined authorities Be able to show a track record of producing content in the region, with a preference for those focussing on young audiences Be in a position to employ at least 50% of creative talent locally Be either a TV production company with a proven track record in TV and now looking to diversify into new markets or, a digital production studio with a strong record in digital media and now looking to scale operations ",,https://www.bbc.co.uk/commissioning/news/bbc-north-east-screen-digital-accelerator-november-2025,,United Kingdom,Newcastle upon Tyne,North East,"Newcastle Broadcasting Centre
Barrack Road
Newcastle Upon Tyne
NE99 2NE",NE99 2NE,,,
West Midlands Create Growth Programme - Stage 2,https://platform.beauhurst.com/acceleratormanager/zsphda/accelerator/kqsd5f/,Creative UK,"Department for Digital, Culture, Media and Sport, West Midlands Combined Authority, Create Central",,,9 months.,"Access to Investor Network, Access to Network of Experts, Business Advice, Business Education, Financial Planning, Investment Assistance, Invitation to Exclusive Events, Legal Services, Mentoring, Workshops",Green,The programme is for West Midlands-based creative businesses looking to scale and secure investment.,"Applicants must meet the following criteria: Be a registered business on Companies House Be trading or registered within the West Midlands Combined Authority priority areas: Birmingham, Solihull, Sandwell, Dudley, Coventry, Walsall, Wolverhampton or from certain wider region areas: East Staffordshire, Cannock Chase, Lichfield, Tamworth, North Warwickshire, Nuneaton and Bedworth, Rugby, Warwick, Stratford-on-Avon, Redditch, Bromsgrove, Wye Forest.   Be developing a business in one of the following creative sectors: advertising and marketing, architecture, crafts, design and designer fashion, film, TV, video, radio and photography, IT, software and computer services (including gaming), publishing, museums, galleries and libraries, music, performing and visual arts. ",,https://www.wearecreative.uk/support/regional-growth-programmes/creative-uk-west-midlands/,,United Kingdom,Salford,North West,"Tomorrow Building
130 Broadway
2nd Floor / Suite 7
MediaCityUK
Salford
M50 2AB",M50 2AB,,,
TIC Startup Lab,https://platform.beauhurst.com/acceleratormanager/fptd4g/accelerator/ypwa46/,Turing Innovation Catalyst Manchester,,,,3 months.,"Access to Business Network, Access to Investor Network, Access to Network of Experts, Business Advice, Mentoring, Technical Expertise, Workshops",Green,The programme aims to support deep-tech founders and academic entrepreneurs to develop and commercialise their innovations.,"All applicants must: Have a working MVP or prototype with initial customers or investor conversations. Have strong technical credibility and be looking to build a scalable business. Have identified a problem and developed a solution. Need support for commercialisation and investor readiness. Be committed to developing a business that is building AI technology. Be looking for a group of peers and guidance to develop. Academic applicants must meet some of the following criteria: Have completed a PhD, the Conception X programme or be a university spin-out. Be transitioning from academia to full-time entrepreneurship.",,https://ticmanchester.org/programmes/tic-startup-lab/,,United Kingdom,Manchester,North West,"Turing Innovation Catalyst Manchester
Renold Building
81 Sackville St
Manchester
M1 3NJ",M1 3NJ,,,
Founders at the University of Cambridge Spark Accelerator,https://platform.beauhurst.com/acceleratormanager/2u9ing/accelerator/23dvqd/,Founders at the University of Cambridge,,Business Angel(s),,4 weeks.,"Access to Alumni Network, Access to Business Network, Access to Finance, Access to Investor Network, Access to Network of Experts, Business Education, Co-working Space, Invitation to Exclusive Events, Mentoring, Product Development, Workshops",Green,"The programme is for students, researchers or alumni of the University of Cambridge looking to validate and develop their ideas, ultimately leading to obtaining financing.","Applicants must meet the following criteria: Be a student, researcher or alumni of the University of Cambridge",,https://founders.cam.ac.uk/spark-1-0/,,United Kingdom,Cambridge,East of England,"Hauser Forum
3 Charles Babbage Road
Cambridge
CB3 0GT",CB3 0GT,2,,2025-08-31
DeepTech Catalyst NHS Incubation,https://platform.beauhurst.com/acceleratormanager/nvz64k/accelerator/z7m8pv/,Science & Technology Facilities Council (STFC),,,,18 months.,"Business Advice, Business Education, Financial Investment, Mentoring, Technical Expertise",Green,"The programme aims to accelerate time to market for innovations addressing Dementia in the NHS and wider social care settings, by providing support to develop a post proof of concept technology into a minimum viable product and an investable business.",Applicants must meet the following criteria: Be less than 5 years old Have proof of concept for their innovation,,https://www.dtc.stfc.ac.uk/programmes/,,United Kingdom,Swindon,South West,"Polaris House
North Star Avenue
Swindon
Wiltshire
SN2 1SZ",SN2 1SZ,2,,2026-03-01
DeepTech Catalyst NHS Adoption,https://platform.beauhurst.com/acceleratormanager/nvz64k/accelerator/fa48ca/,Science & Technology Facilities Council (STFC),,,,9 months,"Business Advice, Financial Investment",Green,"The programme aims to accelerate time to market for innovations addressing Dementia in the NHS and wider social care setting, by supporting companies to partner with care providers to test and validate a product or service in a clinical setting.",Applicants must meet the following criteria: Be an SME Have a validated product or service,,https://www.dtc.stfc.ac.uk/programmes/,,United Kingdom,Swindon,South West,"Polaris House
North Star Avenue
Swindon
Wiltshire
SN2 1SZ",SN2 1SZ,2,,2026-03-01
West Midlands Create Growth Programme - Stage 1,https://platform.beauhurst.com/acceleratormanager/zsphda/accelerator/uqv5kp/,Creative UK,"Department for Digital, Culture, Media and Sport, West Midlands Combined Authority, Create Central",,,6 months.,"Access to Network of Experts, Business Advice, Financial Planning, Investment Assistance, Invitation to Exclusive Events, Mentoring, Workshops",Green,The programme is for West Midlands-based creative businesses looking to scale and learn about investment pathways.,"Applicants must meet the following criteria: Be a registered business on Companies House Be trading or registered within the West Midlands Combined Authority priority areas: Birmingham, Solihull, Sandwell, Dudley, Coventry, Walsall, Wolverhampton or from certain wider region areas: East Staffordshire, Cannock Chase, Lichfield, Tamworth, North Warwickshire, Nuneaton and Bedworth, Rugby, Warwick, Stratford-on-Avon, Redditch, Bromsgrove, Wye Forest.   Be developing a business in one of the following creative sectors: advertising and marketing, architecture, crafts, design and designer fashion, film, TV, video, radio and photography, IT, software and computer services (including gaming), publishing, museums, galleries and libraries, music, performing and visual arts. ",,https://www.wearecreative.uk/support/regional-growth-programmes/creative-uk-west-midlands/,,United Kingdom,Salford,North West,"Tomorrow Building
130 Broadway
2nd Floor / Suite 7
MediaCityUK
Salford
M50 2AB",M50 2AB,,,
Forward Faster Accelerator,https://platform.beauhurst.com/acceleratormanager/e5mpgq/accelerator/p2rzuh/,FFinc,,,,6 months.,"Access to Business Network, Access to Investor Network, Business Advice, Business Education, Investment Assistance, Invitation to Exclusive Events, Media Exposure, Mentoring, Workshops",Green,The programme is for female-founded UK-based businesses looking to scale.,"Applicants must meet the following criteria: Be female-founded or have at least 25%+ female ownership Be UK-based and able to attend at least 50% of the in-person and online sessions Have at least £1m in annual revenue  Be operating in a high-growth sector (e.g. fintech, health, consumer, media, tech) Be committed to diversity and scaling with purpose",,https://ffinc.co/index.php/the-ffinc-forward-faster-accelerator/,,United Kingdom,Camden,London,"London
NW1 3ER",NW1 3ER,1,,2025-10-29
Grishin Robotics Accelerator,https://platform.beauhurst.com/acceleratormanager/9k7pu3/accelerator/2vdvaw/,Grishin Robotics,,,,30 days.,"Access to Alumni Network, Access to Investor Network, Business Advice, Business Education, Financial Planning, Investment Assistance, Invitation to Exclusive Events",Green,The programme is for early-stage technology companies.,Applicants should: Be developing innovative technology Be at pre-seed or seed stage Be based in the UK or EU Have early validation (functional MVP or prototype) Be actively raising a pre-seed/seed round or be preparing to launch one in the next six months,,https://www.grishinrobotics.com/accelerator,,United Kingdom,City of London,London,"22 Bishopsgate
London
England
EC2N 3AQ",EC2N 3AQ,1,,2025-10-31
Brand Growth Heroes Mini MBA,https://platform.beauhurst.com/acceleratormanager/r2bx6y/accelerator/zwm8gs/,Brand Growth Heroes,"NielsenIQ, Alantra, Joelson",,,12 weeks.,"Access to Alumni Network, Access to Business Network, Access to Customer Network, Access to Investor Network, Access to Network of Experts, Business Advice, Corporate Resources, Invitation to Exclusive Events, Media Exposure, Mentoring, Workshops",Green,The programme is for established consumer packaged goods brands that are aiming to grow.,"Applicants must: Be operating in the consumer packaged goods (CPG) industry, across the sectors of food, beverage, nutrition, wellness, consumer health, homecare, beauty, and personal care Be a registered business Have a trademarked product and brand that is successfully trading Have a website and social media presence Have either a national listing with a retailer or a significant direct-to-consumer business",,https://www.brandgrowthheroes.com/mini-mba-2026,,United Kingdom,Westminster,London,London,,,,
Sustain.AI Accelerator,https://platform.beauhurst.com/acceleratormanager/5x8djh/accelerator/jxt7zc/,Bright Tide,Hogan Lovells,,,4 weeks.,"Access to Business Network, Access to Investor Network, Access to Network of Experts, Business Advice, Business Education, Financial Planning, Investment Assistance, Invitation to Exclusive Events, Legal Services, Mentoring, Product Development, Technical Expertise, Workshops",Green,The programme is for businesses using artificial intelligence for sustainable development that are looking to scale.,"Applicants must meet the following criteria: Be developing AI focussed products/services Fit into one of the programmes areas of interest; agriculture & regenerative farming, nature & biodiversity, oceans, built environment & construction, climate & health, climate resilience and weather prediction",,https://www.bright-tide.co.uk/sustain-ai-collective-accelerator-programme,,United Kingdom,Kensington and Chelsea,London,"25 Ives Street
London
SW3 2ND",SW3 2ND,1,,2025-02-03
Manchester Venture Builder,https://platform.beauhurst.com/acceleratormanager/355dsm/accelerator/3jqtna/,University of Manchester,,University of Manchester,,12 weeks.,"Access to Alumni Network, Access to Finance, Access to Network of Experts, Business Education, Co-working Space, Corporate Resources, Financial Planning, Mentoring, Office Space, Product Development",Green,"The programme is for founders with a link to the University of Manchester, to grow their start up ideas.","Applicants must meet the following criteria: Be at an early stage of development Have a founder who is a student, graduate or researcher at the University of Manchester",,https://www.entrepreneurship.manchester.ac.uk/manchester-venture-builder/,,United Kingdom,Manchester,North West,"2nd floor, Alliance Manchester Business School
Booth Street West
Manchester
M15 6PB",M15 6PB,2,,2025-07-16
Trust in Sustainability,https://platform.beauhurst.com/acceleratormanager/sxki3j/accelerator/5ubp6p/,Cambridge Institute for Sustainability Leadership,BSI,,,4 months.,"Access to Alumni Network, Access to Business Network, Access to Investor Network, Access to Network of Experts, Business Advice, Business Education, Invitation to Exclusive Events, Mentoring, Product Development",Green,The programme aims to support startups developing digital innovation to build sustainable value chains.,Applicants must: Be developing digital technologies Have a product that is at Technology Readiness Level (TRL) 6 or higher  Have completed at least a pre-seed or seed-stage funding round,,https://www.cisl.cam.ac.uk/innovation/cisl-canopy-and-bsis-accelerator-programme-trust-sustainability,,United Kingdom,Cambridge,East of England,"Cambridge Institute for Sustainability Leadership
The Entopia Building
1 Regent Street
Cambridge 
CB2 1GG",CB2 1GG,,,
Vital Earth Accelerator Programme,https://platform.beauhurst.com/acceleratormanager/5x8djh/accelerator/a5ac5u/,Bright Tide,"Kennedys Law, BarNET Zero, Race Against Dementia, University of Plymouth, Hogan Lovells, Barclays, Ocean Conservation Trust",,,4 weeks.,"Access to Investor Network, Access to Network of Experts, Business Advice, Invitation to Exclusive Events, Legal Services, Workshops",Green,"The programme is for nature-based early-stage ventures in the climate, health and biodiversity industries looking to scale.","Applicants must meet the following criteria: Be developing a product/working in one of the areas of focus; Nature-Based Innovation, Food, Farming & Nutrition, Pollution & Health and Freshwater Innovation & Resilience.",,https://www.bright-tide.co.uk/vitalearth,,United Kingdom,Kensington and Chelsea,London,"25 Ives Street
London
SW3 2ND",SW3 2ND,1,,2026-03-25
UoB Elevate,https://platform.beauhurst.com/acceleratormanager/txppvd/accelerator/4nu94b/,University of Birmingham,,University of Birmingham,2026-06-21,12 months.,"Access to Alumni Network, Access to Business Network, Access to Finance, Access to Interns, Access to Investor Network, Access to Network of Experts, Business Advice, Co-working Space, Corporate Resources, Financial Investment, Invitation to Exclusive Events, Mentoring, Office Space, Workshops",Green,The programme is for University of Birmingham students and graduates who are aiming to grow their business.,"Applicants must: Have at least 50% of the company owned by a current University of Birmingham student or a graduate from the last five years; graduates from longer ago than five years and ownership under 50% will be considered on an exceptional basis If a current student, be in their second year or later If an international student/graduate, have an appropriate visa in place Have evidence of traction or high potential",,https://intranet.birmingham.ac.uk/student/careers/b-enterprising/uob-elevate/index.aspx,,United Kingdom,Birmingham,West Midlands,"The Exchange
3 Centenary Square
Birmingham
B1 2DR",B1 2DR,1,,2025-09-30
Unit M Deep Tech Accelerator,https://platform.beauhurst.com/acceleratormanager/355dsm/accelerator/9hjad7/,University of Manchester,,Greater Manchester Investment Fund,,3 months.,"Access to Business Network, Access to Customer Network, Access to Finance, Access to Investor Network, Access to Network of Experts, Business Advice, Co-working Space, Financial Planning, Invitation to Exclusive Events, Mentoring, Office Space, Product Development, Technical Expertise, Workshops",Green,"The programme aims to accelerate Deep Tech start-ups from Greater Manchester, to an investment-ready level.","Applicants must meet the following criteria: Be based in Greater Manchester (with or without a link to the University of Manchester) Be working in one of these Deep Tech fields: Advanced materials, manufacturing and nanotechnology, Quantum computing and photonics, AI and data infrastructure, Biotech, life sciences and health, Climate and energy, Robotics and automation and Space and aerospace Have progressed beyond early development, having started market testing, commercialisation, or testing prototypes",,https://unit-m.co.uk/deep-tech-accelerator,,United Kingdom,Manchester,North West,"Dover Street
Christabel Pankhurst Building
Manchester
M13 9PS",M13 9PS,,,
Climate,https://platform.beauhurst.com/acceleratormanager/c29mqt/accelerator/gbqd29/,Tech Nation,"HSBC Innovation Banking, Sage",,,4 months.,"Access to Alumni Network, Access to Business Network, Access to Customer Network, Access to Investor Network, Access to Network of Experts, Business Advice, Invitation to Exclusive Events, Mentoring",Green,The programme is for climate technology companies looking to scale.,"Applicants must meet the following criteria: Be developing technology focused on one of the following themes; reducing greenhouse gas emissions, biodiversity conservation, waste reduction and other sectors that aim to mitigate and adapt to climate change. Be at Seed – Series A. Have a minimal viable product (MVP). Have clear signs of market traction and high impact potential. Be based in Europe. Be able to commit 5 hours a month and be in London one day per month. ",,https://technation.io/programmes/climate/,,United Kingdom,City of London,London,"3 Finsbury Avenue
London
EC2M 2PA",EC2M 2PA,,,
